0.0,1.0
0.5,1.0
1.0,1.0
1.5,1.0
2.0,1.0
2.5,0.0
3.0,0.0
3.5,0.0
4.0,0.0
4.5,0.0
5.0,0.0
5.5,0.0
6.0,1.0
6.5,1.0
7.0,1.0
7.5,1.0
8.0,1.0
8.5,1.0
9.0,1.0
9.5,1.0
10.0,1.0
10.5,1.0
11.0,1.0
11.5,1.0
12.0,1.0
12.5,1.0
13.0,1.0
13.5,1.0
14.0,1.0
14.5,1.0
15.0,1.0
15.5,1.0
16.0,1.0
16.5,1.0
17.0,1.0
17.5,1.0
18.0,1.0
18.5,1.0
19.0,1.0
19.5,1.0
20.0,1.0
20.5,1.0
21.0,1.0
21.5,1.0
22.0,1.0
22.5,1.0
23.0,1.0
23.5,1.0
24.0,1.0
24.5,1.0
25.0,1.0
25.5,1.0
26.0,1.0
26.5,1.0
27.0,1.0
27.5,1.0
28.0,1.0
28.5,1.0
29.0,1.0
29.5,1.0
30.0,1.0
30.5,1.0
31.0,1.0
31.5,1.0
32.0,1.0
32.5,1.0
33.0,1.0
33.5,1.0
34.0,1.0
34.5,1.0
35.0,1.0
35.5,1.0
36.0,1.0
36.5,1.0
37.0,1.0
37.5,1.0
38.0,1.0
38.5,1.0
39.0,1.0
39.5,1.0
40.0,1.0
40.5,1.0
41.0,1.0
41.5,1.0
42.0,1.0
42.5,1.0
43.0,1.0
43.5,1.0
44.0,1.0
44.5,1.0
45.0,1.0
45.5,1.0
46.0,1.0
46.5,1.0
47.0,1.0
47.5,1.0
48.0,1.0
48.5,1.0
49.0,1.0
49.5,1.0
50.0,1.0
50.5,1.0
51.0,1.0
51.5,1.0
52.0,1.0
52.5,1.0
53.0,1.0
53.5,1.0
54.0,1.0
54.5,1.0
55.0,1.0
55.5,1.0
56.0,1.0
56.5,1.0
57.0,1.0
57.5,1.0
58.0,1.0
58.5,1.0
59.0,1.0
59.5,1.0
60.0,1.0
60.5,1.0
61.0,1.0
61.5,1.0
62.0,1.0
62.5,1.0
63.0,1.0
63.5,1.0
64.0,1.0
64.5,1.0
65.0,1.0
65.5,1.0
66.0,1.0
66.5,1.0
67.0,1.0
67.5,1.0
68.0,1.0
68.5,1.0
69.0,1.0
69.5,1.0
70.0,1.0
70.5,1.0
71.0,1.0
71.5,1.0
72.0,1.0
72.5,1.0
73.0,1.0
73.5,1.0
74.0,1.0
74.5,1.0
75.0,1.0
75.5,1.0
76.0,1.0
76.5,1.0
77.0,1.0
77.5,1.0
78.0,1.0
78.5,1.0
79.0,1.0
79.5,1.0
80.0,1.0
80.5,1.0
81.0,1.0
81.5,1.0
82.0,1.0
82.5,1.0
83.0,1.0
83.5,1.0
84.0,1.0
84.5,1.0
85.0,1.0
85.5,1.0
86.0,1.0
86.5,1.0
87.0,1.0
87.5,1.0
88.0,1.0
88.5,1.0
89.0,1.0
89.5,1.0
90.0,1.0
90.5,1.0
91.0,1.0
91.5,1.0
92.0,1.0
92.5,1.0
93.0,1.0
93.5,1.0
94.0,1.0
94.5,1.0
95.0,1.0
95.5,1.0
96.0,1.0
96.5,1.0
97.0,1.0
97.5,1.0
98.0,1.0
98.5,1.0
99.0,1.0
99.5,1.0
100.0,1.0
100.5,1.0
101.0,1.0
101.5,1.0
102.0,1.0
102.5,1.0
103.0,1.0
103.5,1.0
104.0,1.0
104.5,1.0
105.0,1.0
105.5,1.0
106.0,1.0
106.5,1.0
107.0,1.0
107.5,1.0
108.0,1.0
108.5,1.0
109.0,1.0
109.5,1.0
110.0,1.0
110.5,1.0
111.0,1.0
111.5,1.0
112.0,1.0
112.5,1.0
113.0,1.0
113.5,1.0
114.0,1.0
114.5,1.0
115.0,1.0
115.5,1.0
116.0,1.0
116.5,1.0
117.0,1.0
117.5,1.0
118.0,1.0
118.5,1.0
119.0,1.0
119.5,1.0
120.0,1.0
120.5,1.0
121.0,0.0
121.5,1.0
122.0,1.0
122.5,1.0
123.0,1.0
123.5,1.0
124.0,1.0
124.5,1.0
125.0,1.0
125.5,1.0
126.0,1.0
126.5,0.0
127.0,0.0
127.5,1.0
128.0,1.0
128.5,0.0
129.0,0.0
129.5,0.0
130.0,0.0
130.5,0.0
131.0,0.0
131.5,1.0
132.0,0.0
132.5,0.0
133.0,0.0
133.5,1.0
134.0,0.0
134.5,1.0
135.0,1.0
135.5,1.0
136.0,1.0
136.5,0.0
137.0,0.0
137.5,0.0
138.0,0.0
138.5,0.0
139.0,1.0
139.5,1.0
140.0,0.0
140.5,0.0
141.0,1.0
141.5,1.0
142.0,1.0
142.5,0.0
143.0,1.0
143.5,0.0
144.0,0.0
144.5,0.0
145.0,1.0
145.5,0.0
146.0,0.0
146.5,0.0
147.0,0.0
147.5,0.0
148.0,0.0
148.5,1.0
149.0,1.0
149.5,1.0
150.0,1.0
150.5,1.0
151.0,1.0
151.5,1.0
152.0,1.0
152.5,1.0
153.0,1.0
153.5,1.0
154.0,1.0
154.5,1.0
155.0,1.0
155.5,1.0
156.0,1.0
156.5,1.0
157.0,1.0
157.5,1.0
158.0,1.0
158.5,1.0
159.0,1.0
159.5,1.0
160.0,1.0
160.5,1.0
161.0,1.0
161.5,1.0
162.0,1.0
162.5,1.0
163.0,1.0
163.5,1.0
164.0,1.0
164.5,1.0
165.0,1.0
165.5,1.0
166.0,1.0
166.5,1.0
167.0,1.0
167.5,1.0
168.0,1.0
168.5,1.0
169.0,1.0
169.5,1.0
170.0,1.0
170.5,1.0
171.0,1.0
171.5,1.0
172.0,1.0
172.5,1.0
173.0,1.0
173.5,1.0
174.0,1.0
174.5,1.0
175.0,1.0
175.5,1.0
176.0,1.0
176.5,1.0
177.0,1.0
177.5,1.0
178.0,1.0
178.5,1.0
179.0,1.0
179.5,1.0
180.0,1.0
180.5,1.0
181.0,1.0
181.5,1.0
182.0,1.0
182.5,1.0
183.0,1.0
183.5,1.0
184.0,1.0
184.5,1.0
185.0,1.0
185.5,1.0
186.0,1.0
186.5,1.0
187.0,1.0
187.5,1.0
188.0,1.0
188.5,1.0
189.0,1.0
189.5,1.0
190.0,1.0
190.5,1.0
191.0,1.0
191.5,1.0
192.0,1.0
192.5,1.0
193.0,1.0
193.5,1.0
194.0,1.0
194.5,1.0
195.0,1.0
195.5,1.0
196.0,1.0
196.5,1.0
197.0,1.0
197.5,1.0
198.0,1.0
198.5,1.0
199.0,1.0
199.5,1.0
200.0,1.0
200.5,1.0
201.0,1.0
201.5,1.0
202.0,1.0
202.5,1.0
203.0,1.0
203.5,1.0
204.0,1.0
204.5,1.0
205.0,1.0
205.5,1.0
206.0,1.0
206.5,1.0
207.0,1.0
207.5,1.0
208.0,1.0
208.5,1.0
209.0,1.0
209.5,1.0
210.0,1.0
210.5,1.0
211.0,1.0
211.5,1.0
212.0,1.0
212.5,1.0
213.0,1.0
213.5,1.0
214.0,1.0
214.5,1.0
215.0,1.0
215.5,1.0
216.0,1.0
216.5,1.0
217.0,1.0
217.5,1.0
218.0,1.0
218.5,1.0
219.0,1.0
219.5,1.0
220.0,1.0
220.5,1.0
221.0,1.0
221.5,1.0
222.0,1.0
222.5,1.0
223.0,1.0
223.5,1.0
224.0,1.0
224.5,1.0
225.0,1.0
225.5,1.0
226.0,1.0
226.5,1.0
227.0,1.0
227.5,1.0
228.0,1.0
228.5,1.0
229.0,1.0
229.5,1.0
230.0,1.0
230.5,1.0
231.0,1.0
231.5,1.0
232.0,1.0
232.5,1.0
233.0,1.0
233.5,1.0
234.0,1.0
234.5,1.0
235.0,1.0
235.5,1.0
236.0,1.0
236.5,1.0
237.0,1.0
237.5,1.0
238.0,1.0
238.5,1.0
239.0,1.0
239.5,1.0
240.0,1.0
240.5,1.0
241.0,1.0
241.5,1.0
242.0,1.0
242.5,1.0
243.0,1.0
243.5,1.0
244.0,1.0
244.5,1.0
245.0,1.0
245.5,1.0
246.0,1.0
246.5,1.0
247.0,1.0
247.5,1.0
248.0,1.0
248.5,1.0
249.0,1.0
249.5,1.0
250.0,1.0
250.5,1.0
251.0,1.0
251.5,1.0
252.0,1.0
252.5,1.0
253.0,1.0
253.5,1.0
254.0,1.0
254.5,1.0
255.0,1.0
255.5,1.0
256.0,1.0
256.5,1.0
257.0,1.0
257.5,1.0
258.0,1.0
258.5,1.0
259.0,1.0
259.5,1.0
260.0,1.0
260.5,1.0
261.0,1.0
261.5,1.0
262.0,1.0
262.5,1.0
263.0,1.0
263.5,1.0
264.0,1.0
264.5,1.0
265.0,1.0
265.5,1.0
266.0,1.0
266.5,1.0
267.0,1.0
267.5,1.0
268.0,1.0
268.5,1.0
269.0,1.0
269.5,1.0
270.0,1.0
270.5,1.0
271.0,1.0
271.5,1.0
272.0,1.0
272.5,1.0
273.0,1.0
273.5,1.0
274.0,1.0
274.5,1.0
275.0,1.0
275.5,1.0
276.0,1.0
276.5,1.0
277.0,1.0
277.5,1.0
278.0,1.0
278.5,1.0
279.0,1.0
279.5,1.0
280.0,1.0
280.5,1.0
281.0,1.0
281.5,1.0
282.0,1.0
282.5,1.0
283.0,1.0
283.5,1.0
284.0,1.0
284.5,1.0
285.0,1.0
285.5,1.0
286.0,1.0
286.5,1.0
287.0,1.0
287.5,1.0
288.0,1.0
288.5,1.0
289.0,1.0
289.5,1.0
290.0,1.0
290.5,1.0
291.0,1.0
291.5,1.0
292.0,1.0
292.5,1.0
293.0,1.0
293.5,1.0
294.0,1.0
294.5,1.0
295.0,1.0
295.5,1.0
296.0,1.0
296.5,1.0
297.0,1.0
297.5,1.0
298.0,1.0
298.5,1.0
299.0,1.0
299.5,1.0
300.0,1.0
300.5,1.0
301.0,1.0
301.5,1.0
302.0,1.0
302.5,1.0
303.0,1.0
303.5,1.0
304.0,1.0
304.5,1.0
305.0,1.0
305.5,1.0
306.0,1.0
306.5,1.0
307.0,1.0
307.5,1.0
308.0,1.0
308.5,1.0
309.0,1.0
309.5,1.0
310.0,1.0
310.5,1.0
311.0,1.0
311.5,1.0
312.0,1.0
312.5,1.0
313.0,1.0
313.5,1.0
314.0,1.0
314.5,1.0
315.0,1.0
315.5,1.0
316.0,1.0
316.5,1.0
317.0,1.0
317.5,1.0
318.0,1.0
318.5,1.0
319.0,1.0
319.5,1.0
320.0,1.0
320.5,1.0
321.0,1.0
321.5,1.0
322.0,1.0
322.5,1.0
323.0,1.0
323.5,1.0
324.0,1.0
324.5,1.0
325.0,1.0
325.5,1.0
326.0,1.0
326.5,1.0
327.0,1.0
327.5,1.0
328.0,1.0
328.5,1.0
329.0,1.0
329.5,1.0
330.0,1.0
330.5,1.0
331.0,1.0
331.5,1.0
332.0,1.0
332.5,1.0
333.0,1.0
333.5,1.0
334.0,1.0
334.5,1.0
335.0,1.0
335.5,1.0
336.0,1.0
336.5,1.0
337.0,1.0
337.5,1.0
338.0,1.0
338.5,1.0
339.0,1.0
339.5,1.0
340.0,1.0
340.5,1.0
341.0,1.0
341.5,1.0
342.0,1.0
342.5,1.0
343.0,1.0
343.5,1.0
344.0,1.0
344.5,1.0
345.0,1.0
345.5,1.0
346.0,1.0
346.5,1.0
347.0,1.0
347.5,1.0
348.0,1.0
348.5,1.0
349.0,1.0
349.5,1.0
350.0,1.0
350.5,1.0
351.0,1.0
351.5,1.0
352.0,1.0
352.5,1.0
353.0,1.0
353.5,1.0
354.0,1.0
354.5,1.0
355.0,1.0
355.5,1.0
356.0,1.0
356.5,1.0
357.0,1.0
357.5,1.0
358.0,1.0
358.5,1.0
359.0,1.0
359.5,1.0
360.0,1.0
360.5,1.0
361.0,1.0
361.5,1.0
362.0,1.0
362.5,1.0
363.0,1.0
363.5,1.0
364.0,1.0
364.5,1.0
365.0,1.0
365.5,1.0
366.0,1.0
366.5,1.0
367.0,1.0
367.5,1.0
368.0,1.0
368.5,1.0
369.0,1.0
369.5,1.0
370.0,1.0
370.5,1.0
371.0,1.0
371.5,1.0
372.0,1.0
372.5,1.0
373.0,1.0
373.5,1.0
374.0,1.0
374.5,1.0
375.0,1.0
375.5,1.0
376.0,1.0
376.5,1.0
377.0,1.0
377.5,1.0
378.0,1.0
378.5,1.0
379.0,1.0
379.5,1.0
380.0,1.0
380.5,1.0
381.0,1.0
381.5,1.0
382.0,1.0
382.5,1.0
383.0,1.0
383.5,1.0
384.0,1.0
384.5,1.0
385.0,1.0
385.5,1.0
386.0,1.0
386.5,1.0
387.0,1.0
387.5,1.0
388.0,1.0
388.5,1.0
389.0,1.0
389.5,1.0
390.0,0.0
390.5,1.0
391.0,1.0
391.5,1.0
392.0,1.0
392.5,1.0
393.0,1.0
393.5,1.0
394.0,1.0
394.5,0.0
395.0,1.0
395.5,1.0
396.0,0.0
396.5,0.0
397.0,0.0
397.5,1.0
398.0,1.0
398.5,1.0
399.0,0.0
399.5,1.0
400.0,0.0
400.5,1.0
401.0,1.0
401.5,0.0
402.0,0.0
402.5,0.0
403.0,1.0
403.5,0.0
404.0,0.0
404.5,0.0
405.0,1.0
405.5,1.0
406.0,0.0
406.5,0.0
407.0,0.0
407.5,1.0
408.0,1.0
408.5,0.0
409.0,0.0
409.5,0.0
410.0,0.0
410.5,0.0
411.0,1.0
411.5,1.0
412.0,1.0
412.5,1.0
413.0,0.0
413.5,1.0
414.0,1.0
414.5,0.0
415.0,0.0
415.5,1.0
416.0,1.0
416.5,1.0
417.0,0.0
417.5,1.0
418.0,1.0
418.5,0.0
419.0,0.0
419.5,0.0
420.0,1.0
420.5,1.0
421.0,1.0
421.5,1.0
422.0,0.0
422.5,0.0
423.0,0.0
423.5,0.0
424.0,1.0
424.5,0.0
425.0,0.0
425.5,0.0
426.0,1.0
426.5,0.0
427.0,1.0
427.5,1.0
428.0,1.0
428.5,0.0
429.0,0.0
429.5,0.0
430.0,0.0
430.5,0.0
431.0,1.0
431.5,1.0
432.0,1.0
432.5,1.0
433.0,0.0
433.5,1.0
434.0,1.0
434.5,0.0
435.0,0.0
435.5,1.0
436.0,0.0
436.5,0.0
437.0,0.0
437.5,0.0
438.0,1.0
438.5,0.0
439.0,1.0
439.5,0.0
440.0,1.0
440.5,1.0
441.0,1.0
441.5,1.0
442.0,1.0
442.5,1.0
443.0,1.0
443.5,1.0
444.0,1.0
444.5,1.0
445.0,1.0
445.5,1.0
446.0,1.0
446.5,1.0
447.0,1.0
447.5,1.0
448.0,1.0
448.5,1.0
449.0,1.0
449.5,1.0
450.0,1.0
450.5,1.0
451.0,1.0
451.5,1.0
452.0,1.0
452.5,1.0
453.0,1.0
453.5,1.0
454.0,1.0
454.5,1.0
455.0,1.0
455.5,1.0
456.0,1.0
456.5,1.0
457.0,1.0
457.5,1.0
458.0,1.0
458.5,1.0
459.0,1.0
459.5,1.0
460.0,1.0
460.5,1.0
461.0,1.0
461.5,1.0
462.0,1.0
462.5,1.0
463.0,1.0
463.5,1.0
464.0,1.0
464.5,1.0
465.0,1.0
465.5,1.0
466.0,1.0
466.5,1.0
467.0,1.0
467.5,1.0
468.0,1.0
468.5,1.0
469.0,1.0
469.5,1.0
470.0,1.0
470.5,1.0
471.0,1.0
471.5,1.0
472.0,1.0
472.5,1.0
473.0,1.0
473.5,1.0
474.0,1.0
474.5,1.0
475.0,1.0
475.5,1.0
476.0,1.0
476.5,1.0
477.0,1.0
477.5,1.0
478.0,1.0
478.5,1.0
479.0,1.0
479.5,1.0
480.0,1.0
480.5,1.0
481.0,1.0
481.5,1.0
482.0,1.0
482.5,1.0
483.0,1.0
483.5,1.0
484.0,1.0
484.5,1.0
485.0,1.0
485.5,1.0
486.0,1.0
486.5,1.0
487.0,1.0
487.5,1.0
488.0,1.0
488.5,1.0
489.0,1.0
489.5,1.0
490.0,1.0
490.5,1.0
491.0,1.0
491.5,1.0
492.0,1.0
492.5,1.0
493.0,1.0
493.5,1.0
494.0,1.0
494.5,1.0
495.0,1.0
495.5,1.0
496.0,1.0
496.5,1.0
497.0,1.0
497.5,1.0
498.0,1.0
498.5,1.0
499.0,1.0
499.5,1.0
500.0,1.0
500.5,1.0
501.0,1.0
501.5,1.0
502.0,1.0
502.5,1.0
503.0,1.0
503.5,1.0
504.0,1.0
504.5,1.0
505.0,1.0
505.5,1.0
506.0,1.0
506.5,1.0
507.0,1.0
507.5,1.0
508.0,1.0
508.5,1.0
509.0,1.0
509.5,1.0
510.0,1.0
510.5,1.0
511.0,1.0
511.5,1.0
512.0,1.0
512.5,1.0
513.0,1.0
513.5,1.0
514.0,1.0
514.5,1.0
515.0,1.0
515.5,1.0
516.0,1.0
516.5,1.0
517.0,1.0
517.5,1.0
518.0,1.0
518.5,1.0
519.0,1.0
519.5,1.0
520.0,1.0
520.5,1.0
521.0,1.0
521.5,1.0
522.0,1.0
522.5,1.0
523.0,1.0
523.5,1.0
524.0,1.0
524.5,1.0
525.0,1.0
525.5,1.0
526.0,1.0
526.5,1.0
527.0,1.0
527.5,1.0
528.0,1.0
528.5,1.0
529.0,1.0
529.5,1.0
530.0,1.0
530.5,1.0
531.0,1.0
531.5,1.0
532.0,1.0
532.5,1.0
533.0,1.0
533.5,1.0
534.0,1.0
534.5,1.0
535.0,1.0
535.5,1.0
536.0,1.0
536.5,1.0
537.0,1.0
537.5,1.0
538.0,1.0
538.5,1.0
539.0,1.0
539.5,1.0
540.0,1.0
540.5,1.0
541.0,1.0
541.5,1.0
542.0,1.0
542.5,1.0
543.0,1.0
543.5,1.0
544.0,1.0
544.5,1.0
545.0,1.0
545.5,1.0
546.0,1.0
546.5,1.0
547.0,1.0
547.5,1.0
548.0,1.0
548.5,1.0
549.0,1.0
549.5,1.0
550.0,1.0
550.5,1.0
551.0,1.0
551.5,1.0
552.0,1.0
552.5,1.0
553.0,1.0
553.5,1.0
554.0,1.0
554.5,1.0
555.0,1.0
555.5,1.0
556.0,1.0
556.5,1.0
557.0,1.0
557.5,1.0
558.0,1.0
558.5,1.0
559.0,1.0
559.5,1.0
560.0,1.0
560.5,1.0
561.0,1.0
561.5,1.0
562.0,1.0
562.5,1.0
563.0,1.0
563.5,1.0
564.0,1.0
564.5,1.0
565.0,1.0
565.5,1.0
566.0,1.0
566.5,1.0
567.0,1.0
567.5,1.0
568.0,1.0
568.5,1.0
569.0,1.0
569.5,1.0
570.0,1.0
570.5,1.0
571.0,1.0
571.5,1.0
572.0,1.0
572.5,1.0
573.0,1.0
573.5,1.0
574.0,1.0
574.5,1.0
575.0,1.0
575.5,1.0
576.0,1.0
576.5,1.0
577.0,1.0
577.5,1.0
578.0,1.0
578.5,1.0
579.0,1.0
579.5,1.0
580.0,1.0
580.5,1.0
581.0,1.0
581.5,1.0
582.0,1.0
582.5,1.0
583.0,1.0
583.5,1.0
584.0,1.0
584.5,1.0
585.0,1.0
585.5,1.0
586.0,1.0
586.5,1.0
587.0,1.0
587.5,1.0
588.0,1.0
588.5,1.0
589.0,1.0
589.5,1.0
590.0,1.0
590.5,1.0
591.0,1.0
591.5,1.0
592.0,1.0
592.5,1.0
593.0,1.0
593.5,1.0
594.0,1.0
594.5,1.0
595.0,1.0
595.5,1.0
596.0,1.0
596.5,1.0
597.0,1.0
597.5,1.0
598.0,1.0
598.5,1.0
599.0,1.0
599.5,1.0
600.0,1.0
600.5,1.0
601.0,1.0
601.5,1.0
602.0,1.0
602.5,1.0
603.0,1.0
603.5,1.0
604.0,1.0
604.5,1.0
605.0,1.0
605.5,1.0
606.0,1.0
606.5,1.0
607.0,1.0
607.5,1.0
608.0,1.0
608.5,1.0
609.0,1.0
609.5,1.0
610.0,1.0
610.5,1.0
611.0,1.0
611.5,1.0
612.0,1.0
612.5,1.0
613.0,1.0
613.5,1.0
614.0,1.0
614.5,1.0
615.0,1.0
615.5,1.0
616.0,1.0
616.5,1.0
617.0,1.0
617.5,1.0
618.0,1.0
618.5,1.0
619.0,1.0
619.5,1.0
620.0,1.0
620.5,1.0
621.0,1.0
621.5,1.0
622.0,1.0
622.5,1.0
623.0,1.0
623.5,1.0
624.0,1.0
624.5,1.0
625.0,1.0
625.5,1.0
626.0,1.0
626.5,1.0
627.0,1.0
627.5,1.0
628.0,1.0
628.5,1.0
629.0,1.0
629.5,1.0
630.0,1.0
630.5,1.0
631.0,1.0
631.5,1.0
632.0,1.0
632.5,1.0
633.0,1.0
633.5,1.0
634.0,1.0
634.5,1.0
635.0,1.0
635.5,1.0
636.0,1.0
636.5,1.0
637.0,1.0
637.5,1.0
638.0,1.0
638.5,1.0
639.0,1.0
639.5,1.0
640.0,1.0
640.5,1.0
641.0,1.0
641.5,1.0
642.0,1.0
642.5,1.0
643.0,1.0
643.5,1.0
644.0,1.0
644.5,1.0
645.0,1.0
645.5,1.0
646.0,1.0
646.5,1.0
647.0,1.0
647.5,1.0
648.0,1.0
648.5,1.0
649.0,1.0
649.5,1.0
650.0,1.0
650.5,1.0
651.0,1.0
651.5,1.0
652.0,1.0
652.5,1.0
653.0,1.0
653.5,1.0
654.0,1.0
654.5,1.0
655.0,1.0
655.5,1.0
656.0,1.0
656.5,1.0
657.0,1.0
657.5,1.0
658.0,1.0
658.5,1.0
659.0,1.0
659.5,1.0
660.0,1.0
660.5,1.0
661.0,1.0
661.5,1.0
662.0,1.0
662.5,1.0
663.0,1.0
663.5,1.0
664.0,1.0
664.5,1.0
665.0,1.0
665.5,1.0
666.0,1.0
666.5,1.0
667.0,1.0
667.5,1.0
668.0,1.0
668.5,1.0
669.0,1.0
669.5,1.0
670.0,1.0
670.5,1.0
671.0,1.0
671.5,1.0
672.0,1.0
672.5,1.0
673.0,1.0
673.5,1.0
674.0,1.0
674.5,1.0
675.0,1.0
675.5,1.0
676.0,1.0
676.5,1.0
677.0,1.0
677.5,1.0
678.0,1.0
678.5,1.0
679.0,1.0
679.5,1.0
680.0,1.0
680.5,1.0
681.0,1.0
681.5,1.0
682.0,1.0
682.5,1.0
683.0,1.0
683.5,1.0
684.0,1.0
684.5,1.0
685.0,1.0
685.5,1.0
686.0,1.0
686.5,1.0
687.0,1.0
687.5,1.0
688.0,1.0
688.5,1.0
689.0,1.0
689.5,1.0
690.0,1.0
690.5,1.0
691.0,1.0
691.5,1.0
692.0,1.0
692.5,1.0
693.0,1.0
693.5,1.0
694.0,1.0
694.5,1.0
695.0,1.0
695.5,1.0
696.0,1.0
696.5,1.0
697.0,1.0
697.5,1.0
698.0,1.0
698.5,1.0
699.0,1.0
699.5,1.0
700.0,1.0
700.5,1.0
701.0,1.0
701.5,1.0
702.0,1.0
702.5,1.0
703.0,1.0
703.5,1.0
704.0,1.0
704.5,1.0
705.0,1.0
705.5,1.0
706.0,1.0
706.5,1.0
707.0,1.0
707.5,1.0
708.0,1.0
708.5,1.0
709.0,1.0
709.5,1.0
710.0,1.0
710.5,1.0
711.0,1.0
711.5,1.0
712.0,0.0
712.5,1.0
713.0,0.0
713.5,0.0
714.0,0.0
714.5,0.0
715.0,1.0
715.5,0.0
716.0,0.0
716.5,0.0
717.0,0.0
717.5,1.0
718.0,0.0
718.5,0.0
719.0,0.0
719.5,0.0
720.0,0.0
720.5,0.0
721.0,0.0
721.5,0.0
722.0,1.0
722.5,0.0
723.0,0.0
723.5,0.0
724.0,0.0
724.5,0.0
725.0,0.0
725.5,0.0
726.0,0.0
726.5,0.0
727.0,0.0
727.5,0.0
728.0,0.0
728.5,0.0
729.0,0.0
729.5,0.0
730.0,1.0
730.5,0.0
731.0,0.0
731.5,0.0
732.0,0.0
732.5,1.0
733.0,1.0
733.5,1.0
734.0,1.0
734.5,1.0
735.0,0.0
735.5,0.0
736.0,1.0
736.5,1.0
737.0,1.0
737.5,1.0
738.0,0.0
738.5,0.0
739.0,1.0
739.5,0.0
740.0,1.0
740.5,0.0
741.0,0.0
741.5,1.0
742.0,0.0
742.5,1.0
743.0,1.0
743.5,1.0
744.0,0.0
744.5,0.0
745.0,0.0
745.5,0.0
746.0,0.0
746.5,0.0
747.0,0.0
747.5,0.0
748.0,1.0
748.5,0.0
749.0,0.0
749.5,0.0
750.0,1.0
750.5,1.0
751.0,1.0
751.5,1.0
752.0,0.0
752.5,0.0
753.0,1.0
753.5,1.0
754.0,0.0
754.5,1.0
755.0,1.0
755.5,0.0
756.0,0.0
756.5,0.0
757.0,0.0
757.5,0.0
758.0,0.0
758.5,0.0
759.0,0.0
759.5,1.0
760.0,1.0
760.5,0.0
761.0,0.0
761.5,1.0
762.0,0.0
762.5,1.0
763.0,0.0
763.5,0.0
764.0,1.0
764.5,1.0
765.0,0.0
765.5,0.0
766.0,1.0
766.5,1.0
767.0,0.0
767.5,0.0
768.0,1.0
768.5,1.0
769.0,1.0
769.5,1.0
770.0,0.0
770.5,0.0
771.0,1.0
771.5,0.0
772.0,0.0
772.5,0.0
773.0,0.0
773.5,0.0
774.0,1.0
774.5,0.0
775.0,0.0
775.5,0.0
776.0,1.0
776.5,1.0
777.0,1.0
777.5,1.0
778.0,1.0
778.5,0.0
779.0,0.0
779.5,0.0
780.0,1.0
780.5,1.0
781.0,1.0
781.5,0.0
782.0,1.0
782.5,0.0
783.0,0.0
783.5,1.0
784.0,0.0
784.5,0.0
785.0,1.0
785.5,1.0
786.0,0.0
786.5,0.0
787.0,0.0
787.5,0.0
788.0,0.0
788.5,1.0
789.0,1.0
789.5,1.0
790.0,1.0
790.5,0.0
791.0,0.0
791.5,0.0
792.0,0.0
792.5,0.0
793.0,1.0
793.5,1.0
794.0,1.0
794.5,0.0
795.0,0.0
795.5,1.0
796.0,0.0
796.5,1.0
797.0,0.0
797.5,1.0
798.0,0.0
798.5,0.0
799.0,1.0
799.5,0.0
800.0,0.0
800.5,1.0
801.0,1.0
801.5,1.0
802.0,0.0
802.5,0.0
803.0,0.0
803.5,1.0
804.0,1.0
804.5,1.0
805.0,0.0
805.5,1.0
806.0,0.0
806.5,1.0
807.0,0.0
807.5,0.0
808.0,0.0
808.5,0.0
809.0,0.0
809.5,0.0
810.0,0.0
810.5,1.0
811.0,1.0
811.5,1.0
812.0,1.0
812.5,0.0
813.0,1.0
813.5,0.0
814.0,0.0
814.5,0.0
815.0,1.0
815.5,0.0
816.0,0.0
816.5,0.0
817.0,1.0
817.5,1.0
818.0,1.0
818.5,0.0
819.0,1.0
819.5,0.0
820.0,1.0
820.5,0.0
821.0,0.0
821.5,0.0
822.0,0.0
822.5,0.0
823.0,1.0
823.5,0.0
824.0,0.0
824.5,1.0
825.0,0.0
825.5,1.0
826.0,0.0
826.5,0.0
827.0,1.0
827.5,0.0
828.0,1.0
828.5,1.0
829.0,1.0
829.5,0.0
830.0,0.0
830.5,1.0
831.0,0.0
831.5,0.0
832.0,1.0
832.5,0.0
833.0,0.0
833.5,0.0
834.0,1.0
834.5,0.0
835.0,1.0
835.5,0.0
836.0,0.0
836.5,1.0
837.0,1.0
837.5,0.0
838.0,0.0
838.5,1.0
839.0,1.0
839.5,1.0
840.0,1.0
840.5,0.0
841.0,1.0
841.5,1.0
842.0,0.0
842.5,1.0
843.0,1.0
843.5,0.0
844.0,0.0
844.5,1.0
845.0,1.0
845.5,1.0
846.0,1.0
846.5,1.0
847.0,1.0
847.5,1.0
848.0,1.0
848.5,1.0
849.0,1.0
849.5,1.0
850.0,1.0
850.5,1.0
851.0,1.0
851.5,1.0
852.0,1.0
852.5,1.0
853.0,1.0
853.5,1.0
854.0,1.0
854.5,1.0
855.0,1.0
855.5,1.0
856.0,1.0
856.5,1.0
857.0,1.0
857.5,1.0
858.0,1.0
858.5,1.0
859.0,1.0
859.5,1.0
860.0,1.0
860.5,1.0
861.0,1.0
861.5,1.0
862.0,1.0
862.5,1.0
863.0,1.0
863.5,1.0
864.0,1.0
864.5,1.0
865.0,1.0
865.5,1.0
866.0,1.0
866.5,1.0
867.0,1.0
867.5,1.0
868.0,1.0
868.5,1.0
869.0,1.0
869.5,1.0
870.0,0.0
870.5,1.0
871.0,1.0
871.5,1.0
872.0,1.0
872.5,1.0
873.0,1.0
873.5,1.0
874.0,1.0
874.5,1.0
875.0,0.0
875.5,1.0
876.0,0.0
876.5,1.0
877.0,1.0
877.5,1.0
878.0,1.0
878.5,1.0
879.0,1.0
879.5,1.0
880.0,1.0
880.5,1.0
881.0,1.0
881.5,1.0
882.0,1.0
882.5,1.0
883.0,1.0
883.5,1.0
884.0,1.0
884.5,1.0
885.0,1.0
885.5,1.0
886.0,1.0
886.5,1.0
887.0,1.0
887.5,1.0
888.0,1.0
888.5,1.0
889.0,1.0
889.5,1.0
890.0,1.0
890.5,1.0
891.0,1.0
891.5,1.0
892.0,1.0
892.5,1.0
893.0,1.0
893.5,1.0
894.0,1.0
894.5,1.0
895.0,1.0
895.5,1.0
896.0,1.0
896.5,1.0
897.0,1.0
897.5,1.0
898.0,1.0
898.5,1.0
899.0,1.0
899.5,1.0
900.0,1.0
900.5,1.0
901.0,1.0
901.5,0.0
902.0,1.0
902.5,1.0
903.0,1.0
903.5,1.0
904.0,0.0
904.5,1.0
905.0,1.0
905.5,1.0
906.0,1.0
906.5,1.0
907.0,1.0
907.5,1.0
908.0,1.0
908.5,1.0
909.0,1.0
909.5,1.0
910.0,0.0
910.5,1.0
911.0,1.0
911.5,1.0
912.0,1.0
912.5,1.0
913.0,1.0
913.5,1.0
914.0,1.0
914.5,1.0
915.0,1.0
915.5,1.0
916.0,1.0
916.5,1.0
917.0,1.0
917.5,1.0
918.0,1.0
918.5,1.0
919.0,1.0
919.5,1.0
920.0,1.0
920.5,1.0
921.0,1.0
921.5,1.0
922.0,1.0
922.5,1.0
923.0,1.0
923.5,1.0
924.0,0.0
924.5,1.0
925.0,0.0
925.5,0.0
926.0,0.0
926.5,1.0
927.0,1.0
927.5,1.0
928.0,1.0
928.5,1.0
929.0,1.0
929.5,1.0
930.0,1.0
930.5,1.0
931.0,1.0
931.5,0.0
932.0,1.0
932.5,1.0
933.0,1.0
933.5,1.0
934.0,1.0
934.5,1.0
935.0,1.0
935.5,1.0
936.0,1.0
936.5,1.0
937.0,1.0
937.5,0.0
938.0,1.0
938.5,1.0
939.0,1.0
939.5,1.0
940.0,0.0
940.5,1.0
941.0,1.0
941.5,1.0
942.0,0.0
942.5,1.0
943.0,1.0
943.5,1.0
944.0,1.0
944.5,1.0
945.0,1.0
945.5,1.0
946.0,1.0
946.5,1.0
947.0,1.0
947.5,1.0
948.0,1.0
948.5,1.0
949.0,0.0
949.5,0.0
950.0,1.0
950.5,1.0
951.0,1.0
951.5,1.0
952.0,1.0
952.5,1.0
953.0,1.0
953.5,1.0
954.0,1.0
954.5,1.0
955.0,1.0
955.5,1.0
956.0,1.0
956.5,1.0
957.0,1.0
957.5,1.0
958.0,0.0
958.5,1.0
959.0,1.0
959.5,0.0
960.0,1.0
960.5,1.0
961.0,1.0
961.5,1.0
962.0,1.0
962.5,1.0
963.0,1.0
963.5,1.0
964.0,1.0
964.5,1.0
965.0,1.0
965.5,1.0
966.0,1.0
966.5,1.0
967.0,1.0
967.5,1.0
968.0,1.0
968.5,1.0
969.0,1.0
969.5,1.0
970.0,1.0
970.5,1.0
971.0,1.0
971.5,1.0
972.0,1.0
972.5,1.0
973.0,1.0
973.5,1.0
974.0,1.0
974.5,1.0
975.0,1.0
975.5,1.0
976.0,1.0
976.5,1.0
977.0,1.0
977.5,1.0
978.0,1.0
978.5,1.0
979.0,1.0
979.5,1.0
980.0,1.0
980.5,1.0
981.0,1.0
981.5,1.0
982.0,1.0
982.5,1.0
983.0,1.0
983.5,1.0
984.0,1.0
984.5,1.0
985.0,1.0
985.5,1.0
986.0,1.0
986.5,1.0
987.0,1.0
987.5,1.0
988.0,1.0
988.5,1.0
989.0,1.0
989.5,1.0
990.0,1.0
990.5,1.0
991.0,1.0
991.5,1.0
992.0,1.0
992.5,1.0
993.0,1.0
993.5,1.0
994.0,1.0
994.5,1.0
995.0,1.0
995.5,1.0
996.0,1.0
996.5,1.0
997.0,1.0
997.5,1.0
998.0,1.0
998.5,1.0
999.0,1.0
999.5,1.0
1000.0,1.0
1000.5,1.0
1001.0,1.0
1001.5,1.0
1002.0,1.0
1002.5,1.0
1003.0,1.0
1003.5,1.0
1004.0,1.0
1004.5,1.0
1005.0,1.0
1005.5,1.0
1006.0,1.0
1006.5,1.0
1007.0,1.0
1007.5,1.0
1008.0,1.0
1008.5,1.0
1009.0,1.0
1009.5,1.0
1010.0,1.0
1010.5,1.0
1011.0,1.0
1011.5,1.0
1012.0,1.0
1012.5,1.0
1013.0,1.0
1013.5,1.0
1014.0,1.0
1014.5,1.0
1015.0,1.0
1015.5,1.0
1016.0,1.0
1016.5,1.0
1017.0,1.0
1017.5,1.0
1018.0,1.0
1018.5,1.0
1019.0,1.0
1019.5,1.0
1020.0,1.0
1020.5,1.0
1021.0,1.0
1021.5,1.0
1022.0,1.0
1022.5,1.0
1023.0,1.0
1023.5,1.0
1024.0,1.0
1024.5,1.0
1025.0,1.0
1025.5,1.0
1026.0,1.0
1026.5,1.0
1027.0,1.0
1027.5,1.0
1028.0,1.0
1028.5,1.0
1029.0,1.0
1029.5,1.0
1030.0,1.0
1030.5,1.0
1031.0,1.0
1031.5,1.0
1032.0,1.0
1032.5,1.0
1033.0,1.0
1033.5,1.0
1034.0,1.0
1034.5,1.0
1035.0,1.0
1035.5,1.0
1036.0,1.0
1036.5,1.0
1037.0,1.0
1037.5,1.0
1038.0,1.0
1038.5,1.0
1039.0,1.0
1039.5,1.0
1040.0,1.0
1040.5,1.0
1041.0,1.0
1041.5,1.0
1042.0,1.0
1042.5,1.0
1043.0,1.0
1043.5,1.0
1044.0,1.0
1044.5,1.0
1045.0,1.0
1045.5,1.0
1046.0,1.0
1046.5,1.0
1047.0,1.0
1047.5,1.0
1048.0,1.0
1048.5,1.0
1049.0,1.0
1049.5,1.0
1050.0,1.0
1050.5,1.0
1051.0,1.0
1051.5,1.0
1052.0,1.0
1052.5,1.0
1053.0,1.0
1053.5,1.0
1054.0,1.0
1054.5,1.0
1055.0,1.0
1055.5,1.0
1056.0,1.0
1056.5,1.0
1057.0,1.0
1057.5,1.0
1058.0,1.0
1058.5,1.0
1059.0,1.0
1059.5,1.0
1060.0,1.0
1060.5,1.0
1061.0,1.0
1061.5,1.0
1062.0,1.0
1062.5,1.0
1063.0,1.0
1063.5,1.0
1064.0,1.0
1064.5,1.0
1065.0,1.0
1065.5,1.0
1066.0,1.0
1066.5,1.0
1067.0,1.0
1067.5,1.0
1068.0,1.0
1068.5,1.0
1069.0,1.0
1069.5,1.0
1070.0,1.0
1070.5,1.0
1071.0,1.0
1071.5,1.0
1072.0,1.0
1072.5,1.0
1073.0,1.0
1073.5,1.0
1074.0,1.0
1074.5,1.0
1075.0,1.0
1075.5,1.0
1076.0,1.0
1076.5,1.0
1077.0,1.0
1077.5,1.0
1078.0,1.0
1078.5,1.0
1079.0,1.0
1079.5,1.0
1080.0,1.0
1080.5,1.0
1081.0,1.0
1081.5,1.0
1082.0,1.0
1082.5,1.0
1083.0,1.0
1083.5,1.0
1084.0,1.0
1084.5,1.0
1085.0,1.0
1085.5,1.0
1086.0,1.0
1086.5,1.0
1087.0,1.0
1087.5,1.0
1088.0,1.0
1088.5,1.0
1089.0,1.0
1089.5,1.0
1090.0,1.0
1090.5,1.0
1091.0,1.0
1091.5,1.0
1092.0,1.0
1092.5,1.0
1093.0,1.0
1093.5,1.0
1094.0,1.0
1094.5,1.0
1095.0,1.0
1095.5,1.0
1096.0,1.0
1096.5,1.0
1097.0,1.0
1097.5,1.0
1098.0,1.0
1098.5,1.0
1099.0,1.0
1099.5,1.0
1100.0,1.0
1100.5,1.0
1101.0,1.0
1101.5,1.0
1102.0,1.0
1102.5,1.0
1103.0,1.0
1103.5,1.0
1104.0,1.0
1104.5,1.0
1105.0,1.0
1105.5,1.0
1106.0,1.0
1106.5,1.0
1107.0,1.0
1107.5,1.0
1108.0,0.0
1108.5,1.0
1109.0,1.0
1109.5,0.0
1110.0,0.0
1110.5,1.0
1111.0,1.0
1111.5,1.0
1112.0,0.0
1112.5,0.0
1113.0,0.0
1113.5,0.0
1114.0,1.0
1114.5,1.0
1115.0,0.0
1115.5,1.0
1116.0,1.0
1116.5,1.0
1117.0,0.0
1117.5,0.0
1118.0,0.0
1118.5,1.0
1119.0,0.0
1119.5,0.0
1120.0,0.0
1120.5,0.0
1121.0,1.0
1121.5,1.0
1122.0,1.0
1122.5,1.0
1123.0,0.0
1123.5,0.0
1124.0,0.0
1124.5,1.0
1125.0,0.0
1125.5,1.0
1126.0,1.0
1126.5,1.0
1127.0,1.0
1127.5,1.0
1128.0,1.0
1128.5,1.0
1129.0,0.0
1129.5,0.0
1130.0,0.0
1130.5,0.0
1131.0,1.0
1131.5,0.0
1132.0,0.0
1132.5,1.0
1133.0,0.0
1133.5,0.0
1134.0,0.0
1134.5,0.0
1135.0,1.0
1135.5,0.0
1136.0,0.0
1136.5,1.0
1137.0,1.0
1137.5,1.0
1138.0,0.0
1138.5,0.0
1139.0,0.0
1139.5,0.0
1140.0,0.0
1140.5,0.0
1141.0,0.0
1141.5,0.0
1142.0,0.0
1142.5,0.0
1143.0,0.0
1143.5,1.0
1144.0,0.0
1144.5,0.0
1145.0,0.0
1145.5,0.0
1146.0,0.0
1146.5,0.0
1147.0,0.0
1147.5,0.0
1148.0,1.0
1148.5,0.0
1149.0,0.0
1149.5,1.0
1150.0,1.0
1150.5,1.0
1151.0,0.0
1151.5,0.0
1152.0,0.0
1152.5,1.0
1153.0,0.0
1153.5,0.0
1154.0,0.0
1154.5,1.0
1155.0,0.0
1155.5,1.0
1156.0,1.0
1156.5,0.0
1157.0,0.0
1157.5,0.0
1158.0,0.0
1158.5,1.0
1159.0,1.0
1159.5,0.0
1160.0,1.0
1160.5,1.0
1161.0,1.0
1161.5,0.0
1162.0,0.0
1162.5,0.0
1163.0,0.0
1163.5,0.0
1164.0,0.0
1164.5,1.0
1165.0,0.0
1165.5,0.0
1166.0,1.0
1166.5,1.0
1167.0,0.0
1167.5,1.0
1168.0,1.0
1168.5,1.0
1169.0,1.0
1169.5,1.0
1170.0,1.0
1170.5,1.0
1171.0,1.0
1171.5,1.0
1172.0,1.0
1172.5,1.0
1173.0,1.0
1173.5,1.0
1174.0,0.0
1174.5,1.0
1175.0,0.0
1175.5,1.0
1176.0,1.0
1176.5,1.0
1177.0,1.0
1177.5,1.0
1178.0,1.0
1178.5,1.0
1179.0,1.0
1179.5,1.0
1180.0,1.0
1180.5,1.0
1181.0,1.0
1181.5,1.0
1182.0,1.0
1182.5,0.0
1183.0,1.0
1183.5,1.0
1184.0,1.0
1184.5,1.0
1185.0,0.0
1185.5,0.0
1186.0,1.0
1186.5,1.0
1187.0,1.0
1187.5,1.0
1188.0,1.0
1188.5,1.0
1189.0,1.0
1189.5,1.0
1190.0,0.0
1190.5,0.0
1191.0,1.0
1191.5,1.0
1192.0,1.0
1192.5,1.0
1193.0,1.0
1193.5,1.0
1194.0,1.0
1194.5,1.0
1195.0,1.0
1195.5,1.0
1196.0,1.0
1196.5,0.0
1197.0,1.0
1197.5,1.0
1198.0,1.0
1198.5,0.0
1199.0,1.0
1199.5,0.0
1200.0,1.0
1200.5,1.0
1201.0,1.0
1201.5,1.0
1202.0,1.0
1202.5,1.0
1203.0,1.0
1203.5,1.0
1204.0,1.0
1204.5,1.0
1205.0,1.0
1205.5,1.0
1206.0,1.0
1206.5,0.0
1207.0,0.0
1207.5,1.0
1208.0,1.0
1208.5,1.0
1209.0,1.0
1209.5,1.0
1210.0,1.0
1210.5,1.0
1211.0,1.0
1211.5,1.0
1212.0,1.0
1212.5,1.0
1213.0,0.0
1213.5,1.0
1214.0,1.0
1214.5,0.0
1215.0,0.0
1215.5,1.0
1216.0,1.0
1216.5,1.0
1217.0,1.0
1217.5,1.0
1218.0,1.0
1218.5,0.0
1219.0,1.0
1219.5,1.0
1220.0,1.0
1220.5,1.0
1221.0,1.0
1221.5,1.0
1222.0,1.0
1222.5,0.0
1223.0,0.0
1223.5,0.0
1224.0,1.0
1224.5,1.0
1225.0,0.0
1225.5,1.0
1226.0,1.0
1226.5,1.0
1227.0,1.0
1227.5,0.0
1228.0,0.0
1228.5,0.0
1229.0,1.0
1229.5,1.0
1230.0,1.0
1230.5,1.0
1231.0,1.0
1231.5,1.0
1232.0,1.0
1232.5,1.0
1233.0,1.0
1233.5,1.0
1234.0,1.0
1234.5,0.0
1235.0,1.0
1235.5,1.0
1236.0,1.0
1236.5,1.0
1237.0,1.0
1237.5,1.0
1238.0,1.0
1238.5,1.0
1239.0,0.0
1239.5,1.0
1240.0,1.0
1240.5,0.0
1241.0,0.0
1241.5,0.0
1242.0,0.0
1242.5,0.0
1243.0,0.0
1243.5,0.0
1244.0,0.0
1244.5,1.0
1245.0,1.0
1245.5,1.0
1246.0,1.0
1246.5,1.0
1247.0,1.0
1247.5,1.0
1248.0,1.0
1248.5,1.0
1249.0,1.0
1249.5,1.0
1250.0,1.0
1250.5,1.0
1251.0,0.0
1251.5,1.0
1252.0,0.0
1252.5,0.0
1253.0,1.0
1253.5,1.0
1254.0,1.0
1254.5,1.0
1255.0,1.0
1255.5,1.0
1256.0,1.0
1256.5,1.0
1257.0,1.0
1257.5,1.0
1258.0,1.0
1258.5,1.0
1259.0,1.0
1259.5,0.0
1260.0,0.0
1260.5,1.0
1261.0,1.0
1261.5,1.0
1262.0,1.0
1262.5,1.0
1263.0,1.0
1263.5,1.0
1264.0,1.0
1264.5,1.0
1265.0,1.0
1265.5,1.0
1266.0,1.0
1266.5,1.0
1267.0,1.0
1267.5,1.0
1268.0,0.0
1268.5,1.0
1269.0,1.0
1269.5,1.0
1270.0,1.0
1270.5,1.0
1271.0,1.0
1271.5,1.0
1272.0,1.0
1272.5,1.0
1273.0,1.0
1273.5,1.0
1274.0,1.0
1274.5,1.0
1275.0,1.0
1275.5,1.0
1276.0,1.0
1276.5,1.0
1277.0,1.0
1277.5,1.0
1278.0,1.0
1278.5,1.0
1279.0,1.0
1279.5,1.0
1280.0,1.0
1280.5,1.0
1281.0,1.0
1281.5,1.0
1282.0,1.0
1282.5,1.0
1283.0,1.0
1283.5,1.0
1284.0,1.0
1284.5,1.0
1285.0,1.0
1285.5,1.0
1286.0,1.0
1286.5,1.0
1287.0,1.0
1287.5,1.0
1288.0,0.0
1288.5,1.0
1289.0,0.0
1289.5,1.0
1290.0,0.0
1290.5,1.0
1291.0,0.0
1291.5,1.0
1292.0,0.0
1292.5,1.0
1293.0,0.0
1293.5,1.0
1294.0,1.0
1294.5,1.0
1295.0,1.0
1295.5,1.0
1296.0,1.0
1296.5,1.0
1297.0,1.0
1297.5,1.0
1298.0,1.0
1298.5,1.0
1299.0,1.0
1299.5,1.0
1300.0,0.0
1300.5,1.0
1301.0,0.0
1301.5,0.0
1302.0,1.0
1302.5,1.0
1303.0,1.0
1303.5,1.0
1304.0,1.0
1304.5,1.0
1305.0,1.0
1305.5,1.0
1306.0,1.0
1306.5,1.0
1307.0,1.0
1307.5,1.0
1308.0,1.0
1308.5,1.0
1309.0,1.0
1309.5,1.0
1310.0,1.0
1310.5,1.0
1311.0,1.0
1311.5,1.0
1312.0,1.0
1312.5,1.0
1313.0,1.0
1313.5,1.0
1314.0,1.0
1314.5,1.0
1315.0,1.0
1315.5,1.0
1316.0,1.0
1316.5,0.0
1317.0,0.0
1317.5,1.0
1318.0,1.0
1318.5,1.0
1319.0,1.0
1319.5,1.0
1320.0,1.0
1320.5,1.0
1321.0,1.0
1321.5,1.0
1322.0,1.0
1322.5,0.0
1323.0,1.0
1323.5,0.0
1324.0,1.0
1324.5,0.0
1325.0,1.0
1325.5,0.0
1326.0,0.0
1326.5,1.0
1327.0,1.0
1327.5,0.0
1328.0,1.0
1328.5,1.0
1329.0,1.0
1329.5,1.0
1330.0,1.0
1330.5,1.0
1331.0,1.0
1331.5,1.0
1332.0,1.0
1332.5,1.0
1333.0,1.0
1333.5,1.0
1334.0,1.0
1334.5,1.0
1335.0,1.0
1335.5,1.0
1336.0,1.0
1336.5,1.0
1337.0,0.0
1337.5,1.0
1338.0,1.0
1338.5,1.0
1339.0,1.0
1339.5,1.0
1340.0,1.0
1340.5,1.0
1341.0,1.0
1341.5,1.0
1342.0,1.0
1342.5,1.0
1343.0,1.0
1343.5,1.0
1344.0,1.0
1344.5,1.0
1345.0,1.0
1345.5,1.0
1346.0,1.0
1346.5,1.0
1347.0,1.0
1347.5,1.0
1348.0,1.0
1348.5,1.0
1349.0,1.0
1349.5,1.0
1350.0,1.0
1350.5,1.0
1351.0,1.0
1351.5,1.0
1352.0,1.0
1352.5,1.0
1353.0,0.0
1353.5,1.0
1354.0,1.0
1354.5,1.0
1355.0,1.0
1355.5,1.0
1356.0,1.0
1356.5,1.0
1357.0,1.0
1357.5,1.0
1358.0,1.0
1358.5,1.0
1359.0,1.0
1359.5,1.0
1360.0,0.0
1360.5,1.0
1361.0,1.0
1361.5,1.0
1362.0,1.0
1362.5,1.0
1363.0,1.0
1363.5,1.0
1364.0,1.0
1364.5,1.0
1365.0,1.0
1365.5,1.0
1366.0,1.0
1366.5,1.0
1367.0,1.0
1367.5,1.0
1368.0,1.0
1368.5,1.0
1369.0,1.0
1369.5,1.0
1370.0,1.0
1370.5,1.0
1371.0,1.0
1371.5,1.0
1372.0,1.0
1372.5,1.0
1373.0,1.0
1373.5,1.0
1374.0,1.0
1374.5,1.0
1375.0,1.0
1375.5,1.0
1376.0,1.0
1376.5,1.0
1377.0,0.0
1377.5,0.0
1378.0,0.0
1378.5,1.0
1379.0,1.0
1379.5,1.0
1380.0,1.0
1380.5,1.0
1381.0,1.0
1381.5,1.0
1382.0,1.0
1382.5,1.0
1383.0,1.0
1383.5,1.0
1384.0,1.0
1384.5,1.0
1385.0,1.0
1385.5,0.0
1386.0,0.0
1386.5,0.0
1387.0,0.0
1387.5,1.0
1388.0,0.0
1388.5,1.0
1389.0,1.0
1389.5,1.0
1390.0,0.0
1390.5,0.0
1391.0,0.0
1391.5,0.0
1392.0,0.0
1392.5,0.0
1393.0,0.0
1393.5,0.0
1394.0,0.0
1394.5,1.0
1395.0,1.0
1395.5,1.0
1396.0,1.0
1396.5,0.0
1397.0,1.0
1397.5,0.0
1398.0,0.0
1398.5,0.0
1399.0,0.0
1399.5,0.0
1400.0,0.0
1400.5,1.0
1401.0,1.0
1401.5,0.0
1402.0,0.0
1402.5,0.0
1403.0,0.0
1403.5,0.0
1404.0,0.0
1404.5,0.0
1405.0,1.0
1405.5,1.0
1406.0,0.0
1406.5,0.0
1407.0,0.0
1407.5,0.0
1408.0,0.0
1408.5,0.0
1409.0,0.0
1409.5,0.0
1410.0,0.0
1410.5,0.0
1411.0,0.0
1411.5,1.0
1412.0,1.0
1412.5,1.0
1413.0,0.0
1413.5,1.0
1414.0,1.0
1414.5,0.0
1415.0,0.0
1415.5,0.0
1416.0,0.0
1416.5,0.0
1417.0,0.0
1417.5,0.0
1418.0,0.0
1418.5,0.0
1419.0,1.0
1419.5,0.0
1420.0,0.0
1420.5,1.0
1421.0,0.0
1421.5,0.0
1422.0,0.0
1422.5,0.0
1423.0,0.0
1423.5,0.0
1424.0,0.0
1424.5,0.0
1425.0,0.0
1425.5,0.0
1426.0,0.0
1426.5,0.0
1427.0,0.0
1427.5,0.0
1428.0,0.0
1428.5,1.0
1429.0,1.0
1429.5,1.0
1430.0,1.0
1430.5,1.0
1431.0,0.0
1431.5,1.0
1432.0,0.0
1432.5,0.0
1433.0,1.0
1433.5,0.0
1434.0,0.0
1434.5,1.0
1435.0,0.0
1435.5,0.0
1436.0,0.0
1436.5,0.0
1437.0,1.0
1437.5,0.0
1438.0,0.0
1438.5,0.0
1439.0,1.0
1439.5,1.0
1440.0,1.0
1440.5,0.0
1441.0,1.0
1441.5,0.0
1442.0,1.0
1442.5,1.0
1443.0,0.0
1443.5,0.0
1444.0,0.0
1444.5,1.0
1445.0,0.0
1445.5,0.0
1446.0,0.0
1446.5,0.0
1447.0,0.0
1447.5,0.0
1448.0,1.0
1448.5,1.0
1449.0,1.0
1449.5,1.0
1450.0,1.0
1450.5,1.0
1451.0,1.0
1451.5,1.0
1452.0,1.0
1452.5,1.0
1453.0,1.0
1453.5,1.0
1454.0,1.0
1454.5,1.0
1455.0,1.0
1455.5,1.0
1456.0,1.0
1456.5,1.0
1457.0,1.0
1457.5,1.0
1458.0,1.0
1458.5,1.0
1459.0,1.0
1459.5,1.0
1460.0,1.0
1460.5,1.0
1461.0,1.0
1461.5,1.0
1462.0,1.0
1462.5,1.0
1463.0,1.0
1463.5,1.0
1464.0,1.0
1464.5,1.0
1465.0,1.0
1465.5,1.0
1466.0,1.0
1466.5,1.0
1467.0,1.0
1467.5,1.0
1468.0,1.0
1468.5,1.0
1469.0,1.0
1469.5,1.0
1470.0,1.0
1470.5,1.0
1471.0,1.0
1471.5,1.0
1472.0,1.0
1472.5,1.0
1473.0,1.0
1473.5,1.0
1474.0,1.0
1474.5,1.0
1475.0,1.0
1475.5,1.0
1476.0,1.0
1476.5,1.0
1477.0,1.0
1477.5,1.0
1478.0,1.0
1478.5,1.0
1479.0,1.0
1479.5,1.0
1480.0,1.0
1480.5,1.0
1481.0,1.0
1481.5,1.0
1482.0,1.0
1482.5,1.0
1483.0,1.0
1483.5,1.0
1484.0,1.0
1484.5,1.0
1485.0,1.0
1485.5,1.0
1486.0,1.0
1486.5,1.0
1487.0,1.0
1487.5,1.0
1488.0,1.0
1488.5,1.0
1489.0,1.0
1489.5,1.0
1490.0,1.0
1490.5,1.0
1491.0,1.0
1491.5,1.0
1492.0,1.0
1492.5,1.0
1493.0,1.0
1493.5,1.0
1494.0,1.0
1494.5,1.0
1495.0,1.0
1495.5,1.0
1496.0,1.0
1496.5,1.0
1497.0,1.0
1497.5,1.0
1498.0,1.0
1498.5,1.0
1499.0,1.0
1499.5,1.0
1500.0,1.0
1500.5,1.0
1501.0,1.0
1501.5,1.0
1502.0,1.0
1502.5,1.0
1503.0,1.0
1503.5,1.0
1504.0,1.0
1504.5,1.0
1505.0,1.0
1505.5,1.0
1506.0,1.0
1506.5,1.0
1507.0,1.0
1507.5,1.0
1508.0,1.0
1508.5,1.0
1509.0,1.0
1509.5,1.0
1510.0,1.0
1510.5,1.0
1511.0,1.0
1511.5,1.0
1512.0,1.0
1512.5,1.0
1513.0,1.0
1513.5,1.0
1514.0,1.0
1514.5,1.0
1515.0,1.0
1515.5,1.0
1516.0,1.0
1516.5,1.0
1517.0,1.0
1517.5,1.0
1518.0,1.0
1518.5,1.0
1519.0,1.0
1519.5,1.0
1520.0,1.0
1520.5,1.0
1521.0,1.0
1521.5,1.0
1522.0,1.0
1522.5,1.0
1523.0,1.0
1523.5,1.0
1524.0,1.0
1524.5,1.0
1525.0,1.0
1525.5,1.0
1526.0,1.0
1526.5,1.0
1527.0,1.0
1527.5,1.0
1528.0,1.0
1528.5,1.0
1529.0,1.0
1529.5,1.0
1530.0,1.0
1530.5,1.0
1531.0,1.0
1531.5,1.0
1532.0,1.0
1532.5,1.0
1533.0,1.0
1533.5,1.0
1534.0,1.0
1534.5,1.0
1535.0,1.0
1535.5,1.0
1536.0,1.0
1536.5,1.0
1537.0,1.0
1537.5,1.0
1538.0,1.0
1538.5,1.0
1539.0,1.0
1539.5,1.0
1540.0,1.0
1540.5,1.0
1541.0,1.0
1541.5,1.0
1542.0,1.0
1542.5,1.0
1543.0,1.0
1543.5,1.0
1544.0,1.0
1544.5,1.0
1545.0,1.0
1545.5,1.0
1546.0,1.0
1546.5,1.0
1547.0,1.0
1547.5,1.0
1548.0,1.0
1548.5,1.0
1549.0,1.0
1549.5,1.0
1550.0,1.0
1550.5,1.0
1551.0,1.0
1551.5,1.0
1552.0,1.0
1552.5,1.0
1553.0,1.0
1553.5,1.0
1554.0,1.0
1554.5,1.0
1555.0,1.0
1555.5,1.0
1556.0,1.0
1556.5,1.0
1557.0,1.0
1557.5,1.0
1558.0,1.0
1558.5,1.0
1559.0,1.0
1559.5,1.0
1560.0,1.0
1560.5,1.0
1561.0,1.0
1561.5,1.0
1562.0,1.0
1562.5,1.0
1563.0,1.0
1563.5,1.0
1564.0,1.0
1564.5,1.0
1565.0,1.0
1565.5,1.0
1566.0,1.0
1566.5,1.0
1567.0,1.0
1567.5,1.0
1568.0,1.0
1568.5,1.0
1569.0,1.0
1569.5,1.0
1570.0,1.0
1570.5,1.0
1571.0,1.0
1571.5,1.0
1572.0,1.0
1572.5,1.0
1573.0,0.0
1573.5,1.0
1574.0,0.0
1574.5,1.0
1575.0,1.0
1575.5,1.0
1576.0,1.0
1576.5,1.0
1577.0,1.0
1577.5,1.0
1578.0,1.0
1578.5,0.0
1579.0,0.0
1579.5,0.0
1580.0,1.0
1580.5,1.0
1581.0,1.0
1581.5,1.0
1582.0,1.0
1582.5,0.0
1583.0,1.0
1583.5,0.0
1584.0,1.0
1584.5,1.0
1585.0,1.0
1585.5,1.0
1586.0,0.0
1586.5,0.0
1587.0,0.0
1587.5,1.0
1588.0,1.0
1588.5,0.0
1589.0,1.0
1589.5,0.0
1590.0,0.0
1590.5,0.0
1591.0,1.0
1591.5,1.0
1592.0,0.0
1592.5,0.0
1593.0,0.0
1593.5,0.0
1594.0,1.0
1594.5,1.0
1595.0,1.0
1595.5,1.0
1596.0,1.0
1596.5,0.0
1597.0,1.0
1597.5,0.0
1598.0,1.0
1598.5,1.0
1599.0,1.0
1599.5,0.0
1600.0,1.0
1600.5,1.0
1601.0,1.0
1601.5,1.0
1602.0,0.0
1602.5,1.0
1603.0,1.0
1603.5,1.0
1604.0,0.0
1604.5,1.0
1605.0,0.0
1605.5,0.0
1606.0,1.0
1606.5,0.0
1607.0,1.0
1607.5,1.0
1608.0,0.0
1608.5,0.0
1609.0,0.0
1609.5,1.0
1610.0,0.0
1610.5,1.0
1611.0,0.0
1611.5,1.0
1612.0,1.0
1612.5,1.0
1613.0,1.0
1613.5,1.0
1614.0,0.0
1614.5,0.0
1615.0,0.0
1615.5,1.0
1616.0,1.0
1616.5,1.0
1617.0,1.0
1617.5,1.0
1618.0,0.0
1618.5,0.0
1619.0,0.0
1619.5,1.0
1620.0,1.0
1620.5,0.0
1621.0,0.0
1621.5,1.0
1622.0,0.0
1622.5,1.0
1623.0,1.0
1623.5,1.0
1624.0,1.0
1624.5,1.0
1625.0,1.0
1625.5,0.0
1626.0,0.0
1626.5,0.0
1627.0,0.0
1627.5,0.0
1628.0,0.0
1628.5,0.0
1629.0,1.0
1629.5,1.0
1630.0,0.0
1630.5,0.0
1631.0,1.0
1631.5,0.0
1632.0,0.0
1632.5,0.0
1633.0,0.0
1633.5,1.0
1634.0,0.0
1634.5,0.0
1635.0,0.0
1635.5,0.0
1636.0,0.0
1636.5,0.0
1637.0,0.0
1637.5,0.0
1638.0,1.0
1638.5,1.0
1639.0,1.0
1639.5,1.0
1640.0,1.0
1640.5,1.0
1641.0,1.0
1641.5,1.0
1642.0,1.0
1642.5,1.0
1643.0,1.0
1643.5,1.0
1644.0,1.0
1644.5,1.0
1645.0,1.0
1645.5,1.0
1646.0,1.0
1646.5,1.0
1647.0,1.0
1647.5,1.0
1648.0,1.0
1648.5,1.0
1649.0,1.0
1649.5,1.0
1650.0,1.0
1650.5,1.0
1651.0,1.0
1651.5,1.0
1652.0,1.0
1652.5,1.0
1653.0,1.0
1653.5,1.0
1654.0,1.0
1654.5,1.0
1655.0,1.0
1655.5,1.0
1656.0,1.0
1656.5,1.0
1657.0,1.0
1657.5,1.0
1658.0,1.0
1658.5,1.0
1659.0,1.0
1659.5,1.0
1660.0,1.0
1660.5,1.0
1661.0,1.0
1661.5,1.0
1662.0,1.0
1662.5,1.0
1663.0,1.0
1663.5,1.0
1664.0,1.0
1664.5,1.0
1665.0,1.0
1665.5,1.0
1666.0,1.0
1666.5,1.0
1667.0,1.0
1667.5,1.0
1668.0,1.0
1668.5,1.0
1669.0,1.0
1669.5,1.0
1670.0,1.0
1670.5,1.0
1671.0,1.0
1671.5,1.0
1672.0,1.0
1672.5,1.0
1673.0,1.0
1673.5,1.0
1674.0,1.0
1674.5,1.0
1675.0,1.0
1675.5,1.0
1676.0,1.0
1676.5,1.0
1677.0,1.0
1677.5,1.0
1678.0,1.0
1678.5,1.0
1679.0,1.0
1679.5,1.0
1680.0,1.0
1680.5,1.0
1681.0,1.0
1681.5,1.0
1682.0,1.0
1682.5,1.0
1683.0,1.0
1683.5,1.0
1684.0,1.0
1684.5,1.0
1685.0,1.0
1685.5,1.0
1686.0,1.0
1686.5,1.0
1687.0,1.0
1687.5,1.0
1688.0,1.0
1688.5,1.0
1689.0,1.0
1689.5,1.0
1690.0,1.0
1690.5,1.0
1691.0,1.0
1691.5,1.0
1692.0,1.0
1692.5,1.0
1693.0,1.0
1693.5,1.0
1694.0,1.0
1694.5,1.0
1695.0,1.0
1695.5,1.0
1696.0,1.0
1696.5,1.0
1697.0,1.0
1697.5,1.0
1698.0,1.0
1698.5,1.0
1699.0,1.0
1699.5,1.0
1700.0,1.0
1700.5,1.0
1701.0,1.0
1701.5,1.0
1702.0,1.0
1702.5,1.0
1703.0,1.0
1703.5,1.0
1704.0,1.0
1704.5,1.0
1705.0,1.0
1705.5,1.0
1706.0,1.0
1706.5,1.0
1707.0,1.0
1707.5,1.0
1708.0,1.0
1708.5,1.0
1709.0,1.0
1709.5,1.0
1710.0,1.0
1710.5,1.0
1711.0,1.0
1711.5,1.0
1712.0,1.0
1712.5,1.0
1713.0,1.0
1713.5,1.0
1714.0,1.0
1714.5,1.0
1715.0,1.0
1715.5,1.0
1716.0,1.0
1716.5,1.0
1717.0,1.0
1717.5,1.0
1718.0,1.0
1718.5,1.0
1719.0,1.0
1719.5,1.0
1720.0,1.0
1720.5,1.0
1721.0,1.0
1721.5,1.0
1722.0,1.0
1722.5,1.0
1723.0,1.0
1723.5,1.0
1724.0,1.0
1724.5,1.0
1725.0,1.0
1725.5,1.0
1726.0,1.0
1726.5,1.0
1727.0,1.0
1727.5,1.0
1728.0,1.0
1728.5,1.0
1729.0,1.0
1729.5,1.0
1730.0,1.0
1730.5,1.0
1731.0,1.0
1731.5,1.0
1732.0,1.0
1732.5,1.0
1733.0,1.0
1733.5,1.0
1734.0,1.0
1734.5,1.0
1735.0,1.0
1735.5,1.0
1736.0,1.0
1736.5,1.0
1737.0,1.0
1737.5,1.0
1738.0,1.0
1738.5,1.0
1739.0,1.0
1739.5,1.0
1740.0,1.0
1740.5,1.0
1741.0,1.0
1741.5,1.0
1742.0,1.0
1742.5,1.0
1743.0,1.0
1743.5,1.0
1744.0,1.0
1744.5,1.0
1745.0,1.0
1745.5,1.0
1746.0,1.0
1746.5,1.0
1747.0,1.0
1747.5,1.0
1748.0,1.0
1748.5,1.0
1749.0,1.0
1749.5,1.0
1750.0,1.0
1750.5,1.0
1751.0,1.0
1751.5,1.0
1752.0,1.0
1752.5,1.0
1753.0,1.0
1753.5,1.0
1754.0,1.0
1754.5,1.0
1755.0,1.0
1755.5,1.0
1756.0,1.0
1756.5,1.0
1757.0,1.0
1757.5,1.0
1758.0,1.0
1758.5,1.0
1759.0,1.0
1759.5,1.0
1760.0,1.0
1760.5,1.0
1761.0,1.0
1761.5,1.0
1762.0,1.0
1762.5,1.0
1763.0,1.0
1763.5,1.0
1764.0,1.0
1764.5,1.0
1765.0,1.0
1765.5,1.0
1766.0,1.0
1766.5,1.0
1767.0,1.0
1767.5,1.0
1768.0,1.0
1768.5,1.0
1769.0,1.0
1769.5,1.0
1770.0,1.0
1770.5,1.0
1771.0,1.0
1771.5,1.0
1772.0,1.0
1772.5,1.0
1773.0,1.0
1773.5,1.0
1774.0,1.0
1774.5,1.0
1775.0,1.0
1775.5,1.0
1776.0,1.0
1776.5,1.0
1777.0,1.0
1777.5,1.0
1778.0,1.0
1778.5,1.0
1779.0,1.0
1779.5,1.0
1780.0,1.0
1780.5,1.0
1781.0,1.0
1781.5,1.0
1782.0,1.0
1782.5,1.0
1783.0,1.0
1783.5,1.0
1784.0,1.0
1784.5,1.0
1785.0,1.0
1785.5,1.0
1786.0,1.0
1786.5,1.0
1787.0,1.0
1787.5,1.0
1788.0,1.0
1788.5,1.0
1789.0,1.0
1789.5,1.0
1790.0,1.0
1790.5,1.0
1791.0,1.0
1791.5,1.0
1792.0,1.0
1792.5,1.0
1793.0,1.0
1793.5,1.0
1794.0,1.0
1794.5,1.0
1795.0,1.0
1795.5,1.0
1796.0,1.0
1796.5,1.0
1797.0,1.0
1797.5,1.0
1798.0,1.0
1798.5,1.0
1799.0,1.0
1799.5,1.0
1800.0,1.0
1800.5,1.0
1801.0,1.0
1801.5,1.0
1802.0,1.0
1802.5,1.0
1803.0,1.0
1803.5,1.0
1804.0,1.0
1804.5,1.0
1805.0,1.0
1805.5,1.0
1806.0,1.0
1806.5,1.0
1807.0,1.0
1807.5,1.0
1808.0,1.0
1808.5,1.0
1809.0,1.0
1809.5,1.0
1810.0,1.0
1810.5,1.0
1811.0,1.0
1811.5,1.0
1812.0,1.0
1812.5,1.0
1813.0,1.0
1813.5,1.0
1814.0,1.0
1814.5,1.0
1815.0,1.0
1815.5,1.0
1816.0,1.0
1816.5,1.0
1817.0,1.0
1817.5,1.0
1818.0,1.0
1818.5,1.0
1819.0,1.0
1819.5,1.0
1820.0,1.0
1820.5,1.0
1821.0,1.0
1821.5,1.0
1822.0,1.0
1822.5,1.0
1823.0,1.0
1823.5,1.0
1824.0,1.0
1824.5,1.0
1825.0,1.0
1825.5,1.0
1826.0,1.0
1826.5,1.0
1827.0,1.0
1827.5,1.0
1828.0,1.0
1828.5,1.0
1829.0,1.0
1829.5,1.0
1830.0,1.0
1830.5,1.0
1831.0,1.0
1831.5,1.0
1832.0,1.0
1832.5,1.0
1833.0,1.0
1833.5,1.0
1834.0,1.0
1834.5,1.0
1835.0,1.0
1835.5,1.0
1836.0,1.0
1836.5,1.0
1837.0,1.0
1837.5,1.0
1838.0,1.0
1838.5,1.0
1839.0,1.0
1839.5,1.0
1840.0,1.0
1840.5,1.0
1841.0,1.0
1841.5,1.0
1842.0,1.0
1842.5,1.0
1843.0,1.0
1843.5,1.0
1844.0,1.0
1844.5,1.0
1845.0,1.0
1845.5,1.0
1846.0,1.0
1846.5,1.0
1847.0,1.0
1847.5,1.0
1848.0,1.0
1848.5,1.0
1849.0,1.0
1849.5,1.0
1850.0,1.0
1850.5,1.0
1851.0,1.0
1851.5,1.0
1852.0,1.0
1852.5,1.0
1853.0,1.0
1853.5,1.0
1854.0,1.0
1854.5,1.0
1855.0,1.0
1855.5,1.0
1856.0,1.0
1856.5,1.0
1857.0,1.0
1857.5,1.0
1858.0,1.0
1858.5,1.0
1859.0,1.0
1859.5,1.0
1860.0,1.0
1860.5,1.0
1861.0,1.0
1861.5,1.0
1862.0,1.0
1862.5,1.0
1863.0,1.0
1863.5,1.0
1864.0,1.0
1864.5,1.0
1865.0,1.0
1865.5,1.0
1866.0,1.0
1866.5,1.0
1867.0,1.0
1867.5,1.0
1868.0,1.0
1868.5,1.0
1869.0,1.0
1869.5,1.0
1870.0,1.0
1870.5,1.0
1871.0,1.0
1871.5,1.0
1872.0,1.0
1872.5,1.0
1873.0,1.0
1873.5,1.0
1874.0,1.0
1874.5,1.0
1875.0,1.0
1875.5,1.0
1876.0,1.0
1876.5,1.0
1877.0,1.0
1877.5,1.0
1878.0,1.0
1878.5,1.0
1879.0,1.0
1879.5,1.0
1880.0,1.0
1880.5,1.0
1881.0,1.0
1881.5,1.0
1882.0,1.0
1882.5,1.0
1883.0,1.0
1883.5,1.0
1884.0,1.0
1884.5,1.0
1885.0,1.0
1885.5,1.0
1886.0,1.0
1886.5,1.0
1887.0,1.0
1887.5,1.0
1888.0,1.0
1888.5,0.0
1889.0,0.0
1889.5,1.0
1890.0,0.0
1890.5,0.0
1891.0,0.0
1891.5,0.0
1892.0,0.0
1892.5,0.0
1893.0,0.0
1893.5,0.0
1894.0,0.0
1894.5,0.0
1895.0,0.0
1895.5,0.0
1896.0,1.0
1896.5,1.0
1897.0,1.0
1897.5,0.0
1898.0,0.0
1898.5,0.0
1899.0,0.0
1899.5,0.0
1900.0,0.0
1900.5,0.0
1901.0,0.0
1901.5,0.0
1902.0,0.0
1902.5,0.0
1903.0,1.0
1903.5,1.0
1904.0,1.0
1904.5,0.0
1905.0,1.0
1905.5,1.0
1906.0,0.0
1906.5,0.0
1907.0,1.0
1907.5,1.0
1908.0,1.0
1908.5,1.0
1909.0,1.0
1909.5,0.0
1910.0,1.0
1910.5,1.0
1911.0,0.0
1911.5,0.0
1912.0,0.0
1912.5,0.0
1913.0,1.0
1913.5,0.0
1914.0,0.0
1914.5,1.0
1915.0,0.0
1915.5,0.0
1916.0,0.0
1916.5,0.0
1917.0,0.0
1917.5,0.0
1918.0,0.0
1918.5,0.0
1919.0,0.0
1919.5,0.0
1920.0,0.0
1920.5,0.0
1921.0,0.0
1921.5,0.0
1922.0,0.0
1922.5,0.0
1923.0,0.0
1923.5,0.0
1924.0,0.0
1924.5,0.0
1925.0,0.0
1925.5,1.0
1926.0,1.0
1926.5,0.0
1927.0,1.0
1927.5,0.0
1928.0,0.0
1928.5,0.0
1929.0,1.0
1929.5,0.0
1930.0,0.0
1930.5,1.0
1931.0,1.0
1931.5,0.0
1932.0,0.0
1932.5,0.0
1933.0,0.0
1933.5,0.0
1934.0,0.0
1934.5,0.0
1935.0,0.0
1935.5,0.0
1936.0,0.0
1936.5,1.0
1937.0,0.0
1937.5,0.0
1938.0,0.0
1938.5,0.0
1939.0,1.0
1939.5,1.0
1940.0,0.0
1940.5,0.0
1941.0,0.0
1941.5,0.0
1942.0,0.0
1942.5,0.0
1943.0,1.0
1943.5,0.0
1944.0,0.0
1944.5,1.0
1945.0,0.0
1945.5,0.0
1946.0,1.0
1946.5,1.0
1947.0,0.0
1947.5,0.0
1948.0,0.0
1948.5,1.0
1949.0,0.0
1949.5,0.0
1950.0,0.0
1950.5,0.0
1951.0,1.0
1951.5,1.0
1952.0,0.0
1952.5,0.0
1953.0,0.0
1953.5,0.0
1954.0,0.0
1954.5,0.0
1955.0,1.0
1955.5,0.0
1956.0,0.0
1956.5,0.0
1957.0,0.0
1957.5,1.0
1958.0,1.0
1958.5,1.0
1959.0,1.0
1959.5,0.0
1960.0,1.0
1960.5,1.0
1961.0,1.0
1961.5,0.0
1962.0,0.0
1962.5,0.0
1963.0,0.0
1963.5,0.0
1964.0,0.0
1964.5,1.0
1965.0,0.0
1965.5,1.0
1966.0,1.0
1966.5,0.0
1967.0,1.0
1967.5,0.0
1968.0,1.0
1968.5,0.0
1969.0,0.0
1969.5,0.0
1970.0,0.0
1970.5,0.0
1971.0,0.0
1971.5,0.0
1972.0,0.0
1972.5,0.0
1973.0,0.0
1973.5,0.0
1974.0,0.0
1974.5,1.0
1975.0,1.0
1975.5,0.0
1976.0,0.0
1976.5,0.0
1977.0,0.0
1977.5,0.0
1978.0,0.0
1978.5,0.0
1979.0,0.0
1979.5,0.0
1980.0,0.0
1980.5,0.0
1981.0,0.0
1981.5,1.0
1982.0,1.0
1982.5,0.0
1983.0,0.0
1983.5,0.0
1984.0,0.0
1984.5,1.0
1985.0,1.0
1985.5,1.0
1986.0,1.0
1986.5,1.0
1987.0,1.0
1987.5,1.0
1988.0,1.0
1988.5,1.0
1989.0,1.0
1989.5,1.0
1990.0,1.0
1990.5,1.0
1991.0,1.0
1991.5,1.0
1992.0,1.0
1992.5,1.0
1993.0,1.0
1993.5,1.0
1994.0,1.0
1994.5,1.0
1995.0,1.0
1995.5,1.0
1996.0,1.0
1996.5,1.0
1997.0,1.0
1997.5,1.0
1998.0,1.0
1998.5,1.0
1999.0,1.0
1999.5,1.0
2000.0,1.0
2000.5,1.0
2001.0,1.0
2001.5,1.0
2002.0,1.0
2002.5,1.0
2003.0,1.0
2003.5,1.0
2004.0,1.0
2004.5,1.0
2005.0,1.0
2005.5,1.0
2006.0,1.0
2006.5,1.0
2007.0,1.0
2007.5,1.0
2008.0,1.0
2008.5,1.0
2009.0,1.0
2009.5,1.0
2010.0,1.0
2010.5,1.0
2011.0,1.0
2011.5,1.0
2012.0,1.0
2012.5,1.0
2013.0,1.0
2013.5,1.0
2014.0,1.0
2014.5,1.0
2015.0,1.0
2015.5,1.0
2016.0,1.0
2016.5,1.0
2017.0,1.0
2017.5,1.0
2018.0,1.0
2018.5,1.0
2019.0,1.0
2019.5,1.0
2020.0,1.0
2020.5,1.0
2021.0,1.0
2021.5,1.0
2022.0,1.0
2022.5,1.0
2023.0,1.0
2023.5,1.0
2024.0,1.0
2024.5,1.0
2025.0,1.0
2025.5,1.0
2026.0,1.0
2026.5,1.0
2027.0,1.0
2027.5,1.0
2028.0,1.0
2028.5,1.0
2029.0,1.0
2029.5,1.0
2030.0,1.0
2030.5,1.0
2031.0,1.0
2031.5,1.0
2032.0,1.0
2032.5,1.0
2033.0,1.0
2033.5,1.0
2034.0,1.0
2034.5,1.0
2035.0,1.0
2035.5,1.0
2036.0,1.0
2036.5,1.0
2037.0,1.0
2037.5,1.0
2038.0,1.0
2038.5,1.0
2039.0,1.0
2039.5,1.0
2040.0,1.0
2040.5,1.0
2041.0,1.0
2041.5,1.0
2042.0,1.0
2042.5,1.0
2043.0,1.0
2043.5,1.0
2044.0,1.0
2044.5,1.0
2045.0,1.0
2045.5,1.0
2046.0,1.0
2046.5,1.0
2047.0,1.0
2047.5,1.0
2048.0,1.0
2048.5,1.0
2049.0,1.0
2049.5,1.0
2050.0,1.0
2050.5,1.0
2051.0,1.0
2051.5,1.0
2052.0,1.0
2052.5,1.0
2053.0,1.0
2053.5,1.0
2054.0,1.0
2054.5,1.0
2055.0,1.0
2055.5,1.0
2056.0,1.0
2056.5,1.0
2057.0,1.0
2057.5,1.0
2058.0,1.0
2058.5,1.0
2059.0,1.0
2059.5,1.0
2060.0,1.0
2060.5,1.0
2061.0,1.0
2061.5,1.0
2062.0,1.0
2062.5,1.0
2063.0,1.0
2063.5,1.0
2064.0,1.0
2064.5,1.0
2065.0,1.0
2065.5,1.0
2066.0,1.0
2066.5,1.0
2067.0,1.0
2067.5,1.0
2068.0,1.0
2068.5,1.0
2069.0,1.0
2069.5,1.0
2070.0,1.0
2070.5,1.0
2071.0,1.0
2071.5,1.0
2072.0,1.0
2072.5,1.0
2073.0,1.0
2073.5,1.0
2074.0,1.0
2074.5,1.0
2075.0,1.0
2075.5,1.0
2076.0,1.0
2076.5,1.0
2077.0,1.0
2077.5,1.0
2078.0,1.0
2078.5,1.0
2079.0,1.0
2079.5,1.0
2080.0,1.0
2080.5,1.0
2081.0,1.0
2081.5,1.0
2082.0,1.0
2082.5,1.0
2083.0,1.0
2083.5,1.0
2084.0,1.0
2084.5,1.0
2085.0,1.0
2085.5,1.0
2086.0,1.0
2086.5,1.0
2087.0,1.0
2087.5,1.0
2088.0,1.0
2088.5,1.0
2089.0,1.0
2089.5,1.0
2090.0,1.0
2090.5,1.0
2091.0,1.0
2091.5,1.0
2092.0,1.0
2092.5,1.0
2093.0,1.0
2093.5,1.0
2094.0,1.0
2094.5,1.0
2095.0,1.0
2095.5,1.0
2096.0,1.0
2096.5,1.0
2097.0,1.0
2097.5,1.0
2098.0,1.0
2098.5,1.0
2099.0,1.0
2099.5,1.0
2100.0,1.0
2100.5,1.0
2101.0,1.0
2101.5,1.0
2102.0,1.0
2102.5,1.0
2103.0,1.0
2103.5,1.0
2104.0,1.0
2104.5,1.0
2105.0,1.0
2105.5,1.0
2106.0,1.0
2106.5,1.0
2107.0,1.0
2107.5,1.0
2108.0,1.0
2108.5,1.0
2109.0,1.0
2109.5,1.0
2110.0,1.0
2110.5,1.0
2111.0,1.0
2111.5,1.0
2112.0,1.0
2112.5,1.0
2113.0,1.0
2113.5,1.0
2114.0,1.0
2114.5,1.0
2115.0,1.0
2115.5,1.0
2116.0,1.0
2116.5,1.0
2117.0,1.0
2117.5,1.0
2118.0,1.0
2118.5,1.0
2119.0,1.0
2119.5,1.0
2120.0,1.0
2120.5,1.0
2121.0,1.0
2121.5,1.0
2122.0,1.0
2122.5,1.0
2123.0,1.0
2123.5,1.0
2124.0,1.0
2124.5,1.0
2125.0,1.0
2125.5,1.0
2126.0,1.0
2126.5,1.0
2127.0,1.0
2127.5,1.0
2128.0,1.0
2128.5,1.0
2129.0,1.0
2129.5,1.0
2130.0,1.0
2130.5,1.0
2131.0,1.0
2131.5,1.0
2132.0,1.0
2132.5,1.0
2133.0,1.0
2133.5,1.0
2134.0,1.0
2134.5,1.0
2135.0,1.0
2135.5,1.0
2136.0,1.0
2136.5,1.0
2137.0,1.0
2137.5,1.0
2138.0,1.0
2138.5,1.0
2139.0,1.0
2139.5,1.0
2140.0,1.0
2140.5,1.0
2141.0,1.0
2141.5,1.0
2142.0,1.0
2142.5,1.0
2143.0,1.0
2143.5,1.0
2144.0,1.0
2144.5,1.0
2145.0,1.0
2145.5,1.0
2146.0,1.0
2146.5,1.0
2147.0,1.0
2147.5,1.0
2148.0,1.0
2148.5,1.0
2149.0,1.0
2149.5,1.0
2150.0,1.0
2150.5,1.0
2151.0,1.0
2151.5,1.0
2152.0,1.0
2152.5,1.0
2153.0,1.0
2153.5,1.0
2154.0,1.0
2154.5,1.0
2155.0,1.0
2155.5,1.0
2156.0,1.0
2156.5,0.0
2157.0,0.0
2157.5,0.0
2158.0,0.0
2158.5,0.0
2159.0,1.0
2159.5,0.0
2160.0,1.0
2160.5,0.0
2161.0,0.0
2161.5,0.0
2162.0,0.0
2162.5,0.0
2163.0,0.0
2163.5,0.0
2164.0,0.0
2164.5,0.0
2165.0,1.0
2165.5,0.0
2166.0,0.0
2166.5,0.0
2167.0,0.0
2167.5,0.0
2168.0,0.0
2168.5,1.0
2169.0,0.0
2169.5,0.0
2170.0,0.0
2170.5,0.0
2171.0,0.0
2171.5,1.0
2172.0,1.0
2172.5,0.0
2173.0,1.0
2173.5,0.0
2174.0,0.0
2174.5,0.0
2175.0,0.0
2175.5,0.0
2176.0,1.0
2176.5,0.0
2177.0,0.0
2177.5,0.0
2178.0,0.0
2178.5,0.0
2179.0,0.0
2179.5,1.0
2180.0,0.0
2180.5,0.0
2181.0,0.0
2181.5,0.0
2182.0,0.0
2182.5,0.0
2183.0,1.0
2183.5,0.0
2184.0,0.0
2184.5,0.0
2185.0,0.0
2185.5,0.0
2186.0,0.0
2186.5,1.0
2187.0,0.0
2187.5,0.0
2188.0,0.0
2188.5,0.0
2189.0,0.0
2189.5,1.0
2190.0,0.0
2190.5,1.0
2191.0,0.0
2191.5,0.0
2192.0,1.0
2192.5,0.0
2193.0,1.0
2193.5,1.0
2194.0,0.0
2194.5,0.0
2195.0,0.0
2195.5,0.0
2196.0,0.0
2196.5,0.0
2197.0,1.0
2197.5,1.0
2198.0,1.0
2198.5,1.0
2199.0,1.0
2199.5,1.0
2200.0,1.0
2200.5,1.0
2201.0,1.0
2201.5,1.0
2202.0,1.0
2202.5,1.0
2203.0,1.0
2203.5,1.0
2204.0,1.0
2204.5,1.0
2205.0,1.0
2205.5,1.0
2206.0,1.0
2206.5,1.0
2207.0,1.0
2207.5,1.0
2208.0,1.0
2208.5,1.0
2209.0,1.0
2209.5,1.0
2210.0,1.0
2210.5,1.0
2211.0,1.0
2211.5,1.0
2212.0,1.0
2212.5,1.0
2213.0,1.0
2213.5,1.0
2214.0,1.0
2214.5,1.0
2215.0,1.0
2215.5,1.0
2216.0,1.0
2216.5,1.0
2217.0,1.0
2217.5,1.0
2218.0,1.0
2218.5,1.0
2219.0,1.0
2219.5,1.0
2220.0,1.0
2220.5,1.0
2221.0,1.0
2221.5,1.0
2222.0,1.0
2222.5,1.0
2223.0,1.0
2223.5,1.0
2224.0,1.0
2224.5,1.0
2225.0,1.0
2225.5,1.0
2226.0,1.0
2226.5,1.0
2227.0,1.0
2227.5,1.0
2228.0,1.0
2228.5,1.0
2229.0,1.0
2229.5,1.0
2230.0,1.0
2230.5,1.0
2231.0,1.0
2231.5,1.0
2232.0,1.0
2232.5,1.0
2233.0,1.0
2233.5,1.0
2234.0,1.0
2234.5,1.0
2235.0,1.0
2235.5,1.0
2236.0,1.0
2236.5,1.0
2237.0,1.0
2237.5,1.0
2238.0,1.0
2238.5,1.0
2239.0,1.0
2239.5,1.0
2240.0,1.0
2240.5,1.0
2241.0,1.0
2241.5,1.0
2242.0,1.0
2242.5,1.0
2243.0,1.0
2243.5,1.0
2244.0,1.0
2244.5,1.0
2245.0,1.0
2245.5,1.0
2246.0,1.0
2246.5,1.0
2247.0,1.0
2247.5,1.0
2248.0,1.0
2248.5,1.0
2249.0,1.0
2249.5,1.0
2250.0,1.0
2250.5,1.0
2251.0,1.0
2251.5,1.0
2252.0,1.0
2252.5,1.0
2253.0,1.0
2253.5,1.0
2254.0,1.0
2254.5,1.0
2255.0,1.0
2255.5,1.0
2256.0,1.0
2256.5,1.0
2257.0,1.0
2257.5,1.0
2258.0,1.0
2258.5,1.0
2259.0,1.0
2259.5,1.0
2260.0,1.0
2260.5,1.0
2261.0,1.0
2261.5,1.0
2262.0,1.0
2262.5,1.0
2263.0,1.0
2263.5,1.0
2264.0,1.0
2264.5,1.0
2265.0,1.0
2265.5,1.0
2266.0,1.0
2266.5,1.0
2267.0,1.0
2267.5,1.0
2268.0,1.0
2268.5,1.0
2269.0,1.0
2269.5,1.0
2270.0,1.0
2270.5,1.0
2271.0,1.0
2271.5,1.0
2272.0,1.0
2272.5,1.0
2273.0,1.0
2273.5,1.0
2274.0,1.0
2274.5,1.0
2275.0,1.0
2275.5,1.0
2276.0,1.0
2276.5,1.0
2277.0,1.0
2277.5,1.0
2278.0,1.0
2278.5,1.0
2279.0,1.0
2279.5,1.0
2280.0,1.0
2280.5,1.0
2281.0,1.0
2281.5,1.0
2282.0,1.0
2282.5,1.0
2283.0,1.0
2283.5,1.0
2284.0,1.0
2284.5,1.0
2285.0,1.0
2285.5,1.0
2286.0,1.0
2286.5,1.0
2287.0,1.0
2287.5,1.0
2288.0,1.0
2288.5,1.0
2289.0,1.0
2289.5,1.0
2290.0,1.0
2290.5,1.0
2291.0,1.0
2291.5,1.0
2292.0,1.0
2292.5,1.0
2293.0,1.0
2293.5,1.0
2294.0,1.0
2294.5,1.0
2295.0,1.0
2295.5,1.0
2296.0,1.0
2296.5,1.0
2297.0,1.0
2297.5,1.0
2298.0,1.0
2298.5,1.0
2299.0,1.0
2299.5,1.0
2300.0,1.0
2300.5,1.0
2301.0,1.0
2301.5,1.0
2302.0,1.0
2302.5,1.0
2303.0,1.0
2303.5,1.0
2304.0,1.0
2304.5,1.0
2305.0,1.0
2305.5,1.0
2306.0,1.0
2306.5,1.0
2307.0,1.0
2307.5,1.0
2308.0,1.0
2308.5,1.0
2309.0,1.0
2309.5,1.0
2310.0,1.0
2310.5,1.0
2311.0,1.0
2311.5,1.0
2312.0,1.0
2312.5,1.0
2313.0,1.0
2313.5,1.0
2314.0,1.0
2314.5,1.0
2315.0,1.0
2315.5,1.0
2316.0,1.0
2316.5,1.0
2317.0,1.0
2317.5,1.0
2318.0,1.0
2318.5,1.0
2319.0,1.0
2319.5,1.0
2320.0,1.0
2320.5,1.0
2321.0,1.0
2321.5,1.0
2322.0,1.0
2322.5,1.0
2323.0,1.0
2323.5,1.0
2324.0,1.0
2324.5,1.0
2325.0,1.0
2325.5,1.0
2326.0,1.0
2326.5,1.0
2327.0,1.0
2327.5,1.0
2328.0,1.0
2328.5,1.0
2329.0,1.0
2329.5,1.0
2330.0,1.0
2330.5,1.0
2331.0,1.0
2331.5,1.0
2332.0,1.0
2332.5,1.0
2333.0,1.0
2333.5,1.0
2334.0,1.0
2334.5,1.0
2335.0,1.0
2335.5,1.0
2336.0,1.0
2336.5,1.0
2337.0,1.0
2337.5,1.0
2338.0,1.0
2338.5,1.0
2339.0,1.0
2339.5,1.0
2340.0,1.0
2340.5,1.0
2341.0,1.0
2341.5,1.0
2342.0,1.0
2342.5,1.0
2343.0,1.0
2343.5,1.0
2344.0,1.0
2344.5,1.0
2345.0,1.0
2345.5,1.0
2346.0,1.0
2346.5,1.0
2347.0,1.0
2347.5,1.0
2348.0,1.0
2348.5,1.0
2349.0,1.0
2349.5,1.0
2350.0,1.0
2350.5,1.0
2351.0,1.0
2351.5,1.0
2352.0,1.0
2352.5,1.0
2353.0,1.0
2353.5,1.0
2354.0,1.0
2354.5,1.0
2355.0,1.0
2355.5,1.0
2356.0,1.0
2356.5,1.0
2357.0,1.0
2357.5,1.0
2358.0,1.0
2358.5,1.0
2359.0,1.0
2359.5,1.0
2360.0,1.0
2360.5,1.0
2361.0,1.0
2361.5,1.0
2362.0,1.0
2362.5,0.0
2363.0,1.0
2363.5,1.0
2364.0,0.0
2364.5,1.0
2365.0,1.0
2365.5,1.0
2366.0,0.0
2366.5,1.0
2367.0,1.0
2367.5,0.0
2368.0,0.0
2368.5,0.0
2369.0,1.0
2369.5,0.0
2370.0,0.0
2370.5,0.0
2371.0,0.0
2371.5,0.0
2372.0,1.0
2372.5,1.0
2373.0,1.0
2373.5,1.0
2374.0,0.0
2374.5,1.0
2375.0,1.0
2375.5,0.0
2376.0,1.0
2376.5,1.0
2377.0,1.0
2377.5,0.0
2378.0,1.0
2378.5,1.0
2379.0,1.0
2379.5,0.0
2380.0,0.0
2380.5,0.0
2381.0,0.0
2381.5,1.0
2382.0,1.0
2382.5,1.0
2383.0,0.0
2383.5,1.0
2384.0,1.0
2384.5,1.0
2385.0,1.0
2385.5,1.0
2386.0,1.0
2386.5,0.0
2387.0,0.0
2387.5,0.0
2388.0,1.0
2388.5,0.0
2389.0,1.0
2389.5,1.0
2390.0,0.0
2390.5,0.0
2391.0,0.0
2391.5,1.0
2392.0,0.0
2392.5,0.0
2393.0,0.0
2393.5,1.0
2394.0,1.0
2394.5,1.0
2395.0,1.0
2395.5,1.0
2396.0,1.0
2396.5,1.0
2397.0,1.0
2397.5,1.0
2398.0,0.0
2398.5,0.0
2399.0,0.0
2399.5,1.0
2400.0,1.0
2400.5,0.0
2401.0,1.0
2401.5,0.0
2402.0,0.0
2402.5,1.0
2403.0,1.0
2403.5,1.0
2404.0,0.0
2404.5,1.0
2405.0,1.0
2405.5,1.0
2406.0,0.0
2406.5,0.0
2407.0,0.0
2407.5,1.0
2408.0,0.0
2408.5,0.0
2409.0,1.0
2409.5,1.0
2410.0,0.0
2410.5,1.0
2411.0,0.0
2411.5,1.0
2412.0,0.0
2412.5,0.0
2413.0,1.0
2413.5,1.0
2414.0,1.0
2414.5,1.0
2415.0,1.0
2415.5,1.0
2416.0,1.0
2416.5,1.0
2417.0,1.0
2417.5,1.0
2418.0,0.0
2418.5,1.0
2419.0,1.0
2419.5,0.0
2420.0,0.0
2420.5,0.0
2421.0,1.0
2421.5,0.0
2422.0,1.0
2422.5,0.0
2423.0,1.0
2423.5,0.0
2424.0,1.0
2424.5,1.0
2425.0,1.0
2425.5,1.0
2426.0,1.0
2426.5,1.0
2427.0,1.0
2427.5,0.0
2428.0,0.0
2428.5,1.0
2429.0,0.0
2429.5,1.0
2430.0,1.0
2430.5,0.0
2431.0,0.0
2431.5,0.0
2432.0,0.0
2432.5,0.0
2433.0,1.0
2433.5,0.0
2434.0,1.0
2434.5,1.0
2435.0,0.0
2435.5,0.0
2436.0,0.0
2436.5,0.0
2437.0,0.0
2437.5,1.0
2438.0,1.0
2438.5,1.0
2439.0,1.0
2439.5,1.0
2440.0,1.0
2440.5,1.0
2441.0,1.0
2441.5,1.0
2442.0,1.0
2442.5,1.0
2443.0,1.0
2443.5,1.0
2444.0,1.0
2444.5,1.0
2445.0,1.0
2445.5,1.0
2446.0,1.0
2446.5,1.0
2447.0,1.0
2447.5,1.0
2448.0,1.0
2448.5,1.0
2449.0,1.0
2449.5,1.0
2450.0,1.0
2450.5,1.0
2451.0,1.0
2451.5,1.0
2452.0,1.0
2452.5,1.0
2453.0,1.0
2453.5,1.0
2454.0,1.0
2454.5,1.0
2455.0,1.0
2455.5,1.0
2456.0,1.0
2456.5,1.0
2457.0,1.0
2457.5,1.0
2458.0,1.0
2458.5,1.0
2459.0,1.0
2459.5,1.0
2460.0,1.0
2460.5,1.0
2461.0,1.0
2461.5,1.0
2462.0,1.0
2462.5,1.0
2463.0,1.0
2463.5,1.0
2464.0,1.0
2464.5,1.0
2465.0,1.0
2465.5,1.0
2466.0,1.0
2466.5,1.0
2467.0,1.0
2467.5,1.0
2468.0,1.0
2468.5,1.0
2469.0,1.0
2469.5,1.0
2470.0,1.0
2470.5,1.0
2471.0,1.0
2471.5,1.0
2472.0,1.0
2472.5,1.0
2473.0,1.0
2473.5,1.0
2474.0,1.0
2474.5,1.0
2475.0,1.0
2475.5,1.0
2476.0,1.0
2476.5,1.0
2477.0,1.0
2477.5,1.0
2478.0,1.0
2478.5,1.0
2479.0,1.0
2479.5,1.0
2480.0,1.0
2480.5,1.0
2481.0,1.0
2481.5,1.0
2482.0,1.0
2482.5,1.0
2483.0,1.0
2483.5,1.0
2484.0,1.0
2484.5,1.0
2485.0,1.0
2485.5,1.0
2486.0,1.0
2486.5,1.0
2487.0,1.0
2487.5,1.0
2488.0,1.0
2488.5,1.0
2489.0,1.0
2489.5,1.0
2490.0,1.0
2490.5,1.0
2491.0,1.0
2491.5,1.0
2492.0,1.0
2492.5,1.0
2493.0,1.0
2493.5,1.0
2494.0,1.0
2494.5,1.0
2495.0,1.0
2495.5,1.0
2496.0,1.0
2496.5,1.0
2497.0,1.0
2497.5,1.0
2498.0,1.0
2498.5,1.0
2499.0,1.0
2499.5,1.0
2500.0,1.0
2500.5,1.0
2501.0,1.0
2501.5,1.0
2502.0,1.0
2502.5,1.0
2503.0,1.0
2503.5,1.0
2504.0,1.0
2504.5,1.0
2505.0,1.0
2505.5,1.0
2506.0,1.0
2506.5,1.0
2507.0,1.0
2507.5,1.0
2508.0,1.0
2508.5,1.0
2509.0,1.0
2509.5,1.0
2510.0,1.0
2510.5,1.0
2511.0,1.0
2511.5,1.0
2512.0,1.0
2512.5,1.0
2513.0,1.0
2513.5,1.0
2514.0,1.0
2514.5,1.0
2515.0,1.0
2515.5,1.0
2516.0,1.0
2516.5,1.0
2517.0,1.0
2517.5,1.0
2518.0,1.0
2518.5,1.0
2519.0,1.0
2519.5,1.0
2520.0,1.0
2520.5,1.0
2521.0,1.0
2521.5,1.0
2522.0,1.0
2522.5,1.0
2523.0,1.0
2523.5,1.0
2524.0,1.0
2524.5,1.0
2525.0,1.0
2525.5,1.0
2526.0,1.0
2526.5,1.0
2527.0,1.0
2527.5,1.0
2528.0,1.0
2528.5,1.0
2529.0,1.0
2529.5,1.0
2530.0,1.0
2530.5,1.0
2531.0,1.0
2531.5,1.0
2532.0,1.0
2532.5,1.0
2533.0,1.0
2533.5,1.0
2534.0,1.0
2534.5,1.0
2535.0,1.0
2535.5,1.0
2536.0,1.0
2536.5,1.0
2537.0,1.0
2537.5,1.0
2538.0,1.0
2538.5,1.0
2539.0,1.0
2539.5,1.0
2540.0,1.0
2540.5,1.0
2541.0,1.0
2541.5,1.0
2542.0,1.0
2542.5,1.0
2543.0,1.0
2543.5,1.0
2544.0,1.0
2544.5,1.0
2545.0,1.0
2545.5,1.0
2546.0,1.0
2546.5,1.0
2547.0,1.0
2547.5,1.0
2548.0,1.0
2548.5,1.0
2549.0,1.0
2549.5,1.0
2550.0,1.0
2550.5,1.0
2551.0,1.0
2551.5,1.0
2552.0,1.0
2552.5,1.0
2553.0,1.0
2553.5,1.0
2554.0,1.0
2554.5,1.0
2555.0,1.0
2555.5,1.0
2556.0,1.0
2556.5,1.0
2557.0,1.0
2557.5,1.0
2558.0,1.0
2558.5,1.0
2559.0,1.0
2559.5,1.0
2560.0,1.0
2560.5,1.0
2561.0,1.0
2561.5,1.0
2562.0,1.0
2562.5,1.0
2563.0,1.0
2563.5,1.0
2564.0,1.0
2564.5,1.0
2565.0,1.0
2565.5,1.0
2566.0,1.0
2566.5,1.0
2567.0,1.0
2567.5,1.0
2568.0,1.0
2568.5,1.0
2569.0,1.0
2569.5,1.0
2570.0,1.0
2570.5,1.0
2571.0,1.0
2571.5,1.0
2572.0,1.0
2572.5,1.0
2573.0,1.0
2573.5,1.0
2574.0,1.0
2574.5,1.0
2575.0,1.0
2575.5,1.0
2576.0,1.0
2576.5,1.0
2577.0,1.0
2577.5,1.0
2578.0,1.0
2578.5,1.0
2579.0,1.0
2579.5,1.0
2580.0,1.0
2580.5,1.0
2581.0,1.0
2581.5,1.0
2582.0,1.0
2582.5,1.0
2583.0,1.0
2583.5,1.0
2584.0,1.0
2584.5,1.0
2585.0,1.0
2585.5,1.0
2586.0,1.0
2586.5,1.0
2587.0,1.0
2587.5,1.0
2588.0,1.0
2588.5,1.0
2589.0,1.0
2589.5,1.0
2590.0,1.0
2590.5,1.0
2591.0,1.0
2591.5,1.0
2592.0,1.0
2592.5,1.0
2593.0,1.0
2593.5,1.0
2594.0,1.0
2594.5,1.0
2595.0,1.0
2595.5,1.0
2596.0,1.0
2596.5,1.0
2597.0,1.0
2597.5,1.0
2598.0,1.0
2598.5,1.0
2599.0,1.0
2599.5,1.0
2600.0,1.0
2600.5,1.0
2601.0,1.0
2601.5,1.0
2602.0,1.0
2602.5,1.0
2603.0,1.0
2603.5,1.0
2604.0,1.0
2604.5,1.0
2605.0,1.0
2605.5,1.0
2606.0,1.0
2606.5,1.0
2607.0,1.0
2607.5,1.0
2608.0,1.0
2608.5,1.0
2609.0,1.0
2609.5,1.0
2610.0,1.0
2610.5,1.0
2611.0,1.0
2611.5,1.0
2612.0,1.0
2612.5,1.0
2613.0,1.0
2613.5,1.0
2614.0,1.0
2614.5,1.0
2615.0,1.0
2615.5,1.0
2616.0,1.0
2616.5,1.0
2617.0,1.0
2617.5,1.0
2618.0,1.0
2618.5,1.0
2619.0,1.0
2619.5,1.0
2620.0,1.0
2620.5,1.0
2621.0,1.0
2621.5,1.0
2622.0,1.0
2622.5,1.0
2623.0,1.0
2623.5,1.0
2624.0,1.0
2624.5,1.0
2625.0,1.0
2625.5,1.0
2626.0,1.0
2626.5,1.0
2627.0,1.0
2627.5,1.0
2628.0,1.0
2628.5,1.0
2629.0,1.0
2629.5,1.0
2630.0,1.0
2630.5,1.0
2631.0,1.0
2631.5,1.0
2632.0,1.0
2632.5,1.0
2633.0,1.0
2633.5,1.0
2634.0,1.0
2634.5,1.0
2635.0,1.0
2635.5,1.0
2636.0,1.0
2636.5,1.0
2637.0,1.0
2637.5,1.0
2638.0,1.0
2638.5,1.0
2639.0,1.0
2639.5,1.0
2640.0,1.0
2640.5,1.0
2641.0,1.0
2641.5,1.0
2642.0,1.0
2642.5,1.0
2643.0,1.0
2643.5,1.0
2644.0,1.0
2644.5,1.0
2645.0,1.0
2645.5,1.0
2646.0,1.0
2646.5,1.0
2647.0,1.0
2647.5,1.0
2648.0,1.0
2648.5,1.0
2649.0,1.0
2649.5,1.0
2650.0,1.0
2650.5,1.0
2651.0,1.0
2651.5,1.0
2652.0,1.0
2652.5,1.0
2653.0,1.0
2653.5,1.0
2654.0,1.0
2654.5,1.0
2655.0,1.0
2655.5,1.0
2656.0,1.0
2656.5,1.0
2657.0,1.0
2657.5,1.0
2658.0,1.0
2658.5,1.0
2659.0,1.0
2659.5,1.0
2660.0,1.0
2660.5,1.0
2661.0,1.0
2661.5,1.0
2662.0,1.0
2662.5,1.0
2663.0,1.0
2663.5,1.0
2664.0,1.0
2664.5,1.0
2665.0,1.0
2665.5,1.0
2666.0,1.0
2666.5,1.0
2667.0,1.0
2667.5,1.0
2668.0,1.0
2668.5,1.0
2669.0,1.0
2669.5,1.0
2670.0,1.0
2670.5,1.0
2671.0,1.0
2671.5,1.0
2672.0,1.0
2672.5,1.0
2673.0,1.0
2673.5,1.0
2674.0,1.0
2674.5,1.0
2675.0,1.0
2675.5,1.0
2676.0,1.0
2676.5,1.0
2677.0,1.0
2677.5,1.0
2678.0,1.0
2678.5,1.0
2679.0,1.0
2679.5,1.0
2680.0,1.0
2680.5,1.0
2681.0,1.0
2681.5,1.0
2682.0,1.0
2682.5,1.0
2683.0,1.0
2683.5,1.0
2684.0,1.0
2684.5,1.0
2685.0,1.0
2685.5,0.0
2686.0,0.0
2686.5,1.0
2687.0,1.0
2687.5,0.0
2688.0,0.0
2688.5,1.0
2689.0,1.0
2689.5,1.0
2690.0,1.0
2690.5,0.0
2691.0,1.0
2691.5,1.0
2692.0,1.0
2692.5,1.0
2693.0,1.0
2693.5,0.0
2694.0,0.0
2694.5,0.0
2695.0,0.0
2695.5,0.0
2696.0,0.0
2696.5,0.0
2697.0,0.0
2697.5,0.0
2698.0,1.0
2698.5,0.0
2699.0,0.0
2699.5,0.0
2700.0,1.0
2700.5,1.0
2701.0,1.0
2701.5,0.0
2702.0,0.0
2702.5,1.0
2703.0,1.0
2703.5,1.0
2704.0,0.0
2704.5,1.0
2705.0,0.0
2705.5,0.0
2706.0,1.0
2706.5,1.0
2707.0,0.0
2707.5,0.0
2708.0,1.0
2708.5,1.0
2709.0,1.0
2709.5,1.0
2710.0,1.0
2710.5,1.0
2711.0,0.0
2711.5,0.0
2712.0,0.0
2712.5,0.0
2713.0,0.0
2713.5,0.0
2714.0,1.0
2714.5,1.0
2715.0,0.0
2715.5,0.0
2716.0,1.0
2716.5,0.0
2717.0,0.0
2717.5,0.0
2718.0,0.0
2718.5,0.0
2719.0,0.0
2719.5,0.0
2720.0,1.0
2720.5,0.0
2721.0,1.0
2721.5,0.0
2722.0,0.0
2722.5,1.0
2723.0,0.0
2723.5,0.0
2724.0,0.0
2724.5,0.0
2725.0,0.0
2725.5,1.0
2726.0,0.0
2726.5,0.0
2727.0,1.0
2727.5,0.0
2728.0,0.0
2728.5,1.0
2729.0,0.0
2729.5,0.0
2730.0,0.0
2730.5,0.0
2731.0,0.0
2731.5,0.0
2732.0,0.0
2732.5,0.0
2733.0,1.0
2733.5,0.0
2734.0,0.0
2734.5,1.0
2735.0,1.0
2735.5,1.0
2736.0,0.0
2736.5,0.0
2737.0,0.0
2737.5,0.0
2738.0,0.0
2738.5,1.0
2739.0,0.0
2739.5,0.0
2740.0,1.0
2740.5,1.0
2741.0,0.0
2741.5,1.0
2742.0,1.0
2742.5,1.0
2743.0,1.0
2743.5,1.0
2744.0,1.0
2744.5,1.0
2745.0,1.0
2745.5,1.0
2746.0,1.0
2746.5,1.0
2747.0,1.0
2747.5,1.0
2748.0,1.0
2748.5,1.0
2749.0,1.0
2749.5,1.0
2750.0,1.0
2750.5,1.0
2751.0,1.0
2751.5,1.0
2752.0,1.0
2752.5,1.0
2753.0,1.0
2753.5,1.0
2754.0,1.0
2754.5,1.0
2755.0,1.0
2755.5,1.0
2756.0,1.0
2756.5,1.0
2757.0,1.0
2757.5,1.0
2758.0,1.0
2758.5,1.0
2759.0,1.0
2759.5,1.0
2760.0,1.0
2760.5,1.0
2761.0,1.0
2761.5,1.0
2762.0,1.0
2762.5,1.0
2763.0,1.0
2763.5,1.0
2764.0,1.0
2764.5,1.0
2765.0,1.0
2765.5,1.0
2766.0,1.0
2766.5,1.0
2767.0,1.0
2767.5,1.0
2768.0,1.0
2768.5,1.0
2769.0,1.0
2769.5,1.0
2770.0,1.0
2770.5,1.0
2771.0,1.0
2771.5,1.0
2772.0,1.0
2772.5,1.0
2773.0,1.0
2773.5,1.0
2774.0,1.0
2774.5,1.0
2775.0,1.0
2775.5,1.0
2776.0,1.0
2776.5,1.0
2777.0,1.0
2777.5,1.0
2778.0,1.0
2778.5,1.0
2779.0,1.0
2779.5,1.0
2780.0,1.0
2780.5,1.0
2781.0,1.0
2781.5,1.0
2782.0,1.0
2782.5,1.0
2783.0,1.0
2783.5,1.0
2784.0,1.0
2784.5,1.0
2785.0,1.0
2785.5,1.0
2786.0,1.0
2786.5,1.0
2787.0,1.0
2787.5,1.0
2788.0,1.0
2788.5,1.0
2789.0,1.0
2789.5,1.0
2790.0,1.0
2790.5,1.0
2791.0,1.0
2791.5,1.0
2792.0,1.0
2792.5,1.0
2793.0,1.0
2793.5,1.0
2794.0,1.0
2794.5,1.0
2795.0,1.0
2795.5,1.0
2796.0,1.0
2796.5,1.0
2797.0,1.0
2797.5,1.0
2798.0,1.0
2798.5,1.0
2799.0,1.0
2799.5,1.0
2800.0,1.0
2800.5,1.0
2801.0,1.0
2801.5,1.0
2802.0,1.0
2802.5,1.0
2803.0,1.0
2803.5,1.0
2804.0,1.0
2804.5,1.0
2805.0,1.0
2805.5,1.0
2806.0,1.0
2806.5,1.0
2807.0,1.0
2807.5,1.0
2808.0,1.0
2808.5,1.0
2809.0,1.0
2809.5,1.0
2810.0,1.0
2810.5,1.0
2811.0,1.0
2811.5,1.0
2812.0,1.0
2812.5,1.0
2813.0,1.0
2813.5,1.0
2814.0,1.0
2814.5,1.0
2815.0,1.0
2815.5,1.0
2816.0,1.0
2816.5,1.0
2817.0,1.0
2817.5,1.0
2818.0,1.0
2818.5,1.0
2819.0,1.0
2819.5,1.0
2820.0,1.0
2820.5,1.0
2821.0,1.0
2821.5,1.0
2822.0,1.0
2822.5,1.0
2823.0,1.0
2823.5,1.0
2824.0,1.0
2824.5,1.0
2825.0,1.0
2825.5,1.0
2826.0,1.0
2826.5,1.0
2827.0,1.0
2827.5,1.0
2828.0,1.0
2828.5,1.0
2829.0,1.0
2829.5,1.0
2830.0,1.0
2830.5,1.0
2831.0,1.0
2831.5,1.0
2832.0,1.0
2832.5,1.0
2833.0,1.0
2833.5,1.0
2834.0,1.0
2834.5,1.0
2835.0,1.0
2835.5,1.0
2836.0,1.0
2836.5,1.0
2837.0,1.0
2837.5,1.0
2838.0,1.0
2838.5,1.0
2839.0,1.0
2839.5,1.0
2840.0,1.0
2840.5,1.0
2841.0,1.0
2841.5,1.0
2842.0,1.0
2842.5,1.0
2843.0,1.0
2843.5,1.0
2844.0,1.0
2844.5,1.0
2845.0,1.0
2845.5,1.0
2846.0,1.0
2846.5,1.0
2847.0,1.0
2847.5,1.0
2848.0,1.0
2848.5,1.0
2849.0,1.0
2849.5,1.0
2850.0,1.0
2850.5,1.0
2851.0,1.0
2851.5,1.0
2852.0,1.0
2852.5,1.0
2853.0,1.0
2853.5,1.0
2854.0,1.0
2854.5,1.0
2855.0,1.0
2855.5,1.0
2856.0,1.0
2856.5,1.0
2857.0,1.0
2857.5,1.0
2858.0,1.0
2858.5,1.0
2859.0,1.0
2859.5,1.0
2860.0,1.0
2860.5,1.0
2861.0,1.0
2861.5,1.0
2862.0,1.0
2862.5,1.0
2863.0,1.0
2863.5,1.0
2864.0,1.0
2864.5,1.0
2865.0,1.0
2865.5,1.0
2866.0,1.0
2866.5,1.0
2867.0,1.0
2867.5,1.0
2868.0,1.0
2868.5,1.0
2869.0,1.0
2869.5,1.0
2870.0,1.0
2870.5,1.0
2871.0,1.0
2871.5,1.0
2872.0,1.0
2872.5,1.0
2873.0,1.0
2873.5,1.0
2874.0,1.0
2874.5,1.0
2875.0,1.0
2875.5,1.0
2876.0,1.0
2876.5,1.0
2877.0,1.0
2877.5,1.0
2878.0,1.0
2878.5,1.0
2879.0,1.0
2879.5,1.0
2880.0,1.0
2880.5,1.0
2881.0,1.0
2881.5,1.0
2882.0,1.0
2882.5,1.0
2883.0,1.0
2883.5,1.0
2884.0,1.0
2884.5,1.0
2885.0,1.0
2885.5,1.0
2886.0,1.0
2886.5,1.0
2887.0,1.0
2887.5,1.0
2888.0,1.0
2888.5,1.0
2889.0,1.0
2889.5,1.0
2890.0,1.0
2890.5,1.0
2891.0,1.0
2891.5,1.0
2892.0,1.0
2892.5,1.0
2893.0,1.0
2893.5,1.0
2894.0,1.0
2894.5,1.0
2895.0,1.0
2895.5,1.0
2896.0,1.0
2896.5,1.0
2897.0,1.0
2897.5,1.0
2898.0,1.0
2898.5,1.0
2899.0,1.0
2899.5,1.0
2900.0,1.0
2900.5,1.0
2901.0,1.0
2901.5,1.0
2902.0,1.0
2902.5,1.0
2903.0,1.0
2903.5,1.0
2904.0,1.0
2904.5,1.0
2905.0,1.0
2905.5,1.0
2906.0,1.0
2906.5,1.0
2907.0,1.0
2907.5,1.0
2908.0,1.0
2908.5,1.0
2909.0,1.0
2909.5,1.0
2910.0,1.0
2910.5,1.0
2911.0,1.0
2911.5,1.0
2912.0,1.0
2912.5,1.0
2913.0,1.0
2913.5,1.0
2914.0,1.0
2914.5,1.0
2915.0,1.0
2915.5,1.0
2916.0,1.0
2916.5,1.0
2917.0,1.0
2917.5,1.0
2918.0,1.0
2918.5,1.0
2919.0,1.0
2919.5,1.0
2920.0,1.0
2920.5,1.0
2921.0,1.0
2921.5,1.0
2922.0,1.0
2922.5,1.0
2923.0,1.0
2923.5,1.0
2924.0,1.0
2924.5,1.0
2925.0,1.0
2925.5,1.0
2926.0,1.0
2926.5,1.0
2927.0,1.0
2927.5,1.0
2928.0,1.0
2928.5,1.0
2929.0,1.0
2929.5,1.0
2930.0,1.0
2930.5,1.0
2931.0,1.0
2931.5,1.0
2932.0,1.0
2932.5,1.0
2933.0,1.0
2933.5,1.0
2934.0,1.0
2934.5,1.0
2935.0,1.0
2935.5,1.0
2936.0,1.0
2936.5,1.0
2937.0,1.0
2937.5,1.0
2938.0,1.0
2938.5,1.0
2939.0,1.0
2939.5,1.0
2940.0,1.0
2940.5,1.0
2941.0,1.0
2941.5,1.0
2942.0,1.0
2942.5,1.0
2943.0,1.0
2943.5,1.0
2944.0,1.0
2944.5,1.0
2945.0,1.0
2945.5,1.0
2946.0,1.0
2946.5,1.0
2947.0,1.0
2947.5,1.0
2948.0,1.0
2948.5,1.0
2949.0,1.0
2949.5,1.0
2950.0,1.0
2950.5,1.0
2951.0,1.0
2951.5,1.0
2952.0,1.0
2952.5,1.0
2953.0,1.0
2953.5,1.0
2954.0,1.0
2954.5,1.0
2955.0,1.0
2955.5,1.0
2956.0,1.0
2956.5,1.0
2957.0,1.0
2957.5,1.0
2958.0,1.0
2958.5,1.0
2959.0,1.0
2959.5,1.0
2960.0,1.0
2960.5,1.0
2961.0,1.0
2961.5,1.0
2962.0,1.0
2962.5,1.0
2963.0,1.0
2963.5,1.0
2964.0,1.0
2964.5,1.0
2965.0,1.0
2965.5,1.0
2966.0,1.0
2966.5,1.0
2967.0,1.0
2967.5,1.0
2968.0,1.0
2968.5,1.0
2969.0,1.0
2969.5,1.0
2970.0,1.0
2970.5,1.0
2971.0,1.0
2971.5,1.0
2972.0,1.0
2972.5,1.0
2973.0,1.0
2973.5,1.0
2974.0,1.0
2974.5,1.0
2975.0,1.0
2975.5,1.0
2976.0,1.0
2976.5,1.0
2977.0,1.0
2977.5,1.0
2978.0,1.0
2978.5,1.0
2979.0,1.0
2979.5,1.0
2980.0,1.0
2980.5,1.0
2981.0,1.0
2981.5,1.0
2982.0,1.0
2982.5,1.0
2983.0,1.0
2983.5,1.0
2984.0,1.0
2984.5,1.0
2985.0,1.0
2985.5,1.0
2986.0,1.0
2986.5,1.0
2987.0,1.0
2987.5,1.0
2988.0,1.0
2988.5,1.0
2989.0,1.0
2989.5,1.0
2990.0,1.0
2990.5,1.0
2991.0,1.0
2991.5,1.0
2992.0,1.0
2992.5,1.0
2993.0,1.0
2993.5,1.0
2994.0,1.0
2994.5,1.0
2995.0,1.0
2995.5,1.0
2996.0,1.0
2996.5,1.0
2997.0,1.0
2997.5,1.0
2998.0,1.0
2998.5,1.0
2999.0,1.0
2999.5,1.0
3000.0,1.0
3000.5,1.0
3001.0,1.0
3001.5,1.0
3002.0,1.0
3002.5,1.0
3003.0,1.0
3003.5,1.0
3004.0,1.0
3004.5,1.0
3005.0,1.0
3005.5,1.0
3006.0,1.0
3006.5,1.0
3007.0,1.0
3007.5,1.0
3008.0,1.0
3008.5,1.0
3009.0,1.0
3009.5,1.0
3010.0,1.0
3010.5,1.0
3011.0,1.0
3011.5,1.0
3012.0,1.0
3012.5,1.0
3013.0,1.0
3013.5,0.0
3014.0,0.0
3014.5,0.0
3015.0,1.0
3015.5,0.0
3016.0,0.0
3016.5,0.0
3017.0,0.0
3017.5,0.0
3018.0,0.0
3018.5,1.0
3019.0,1.0
3019.5,0.0
3020.0,0.0
3020.5,1.0
3021.0,0.0
3021.5,0.0
3022.0,0.0
3022.5,1.0
3023.0,1.0
3023.5,1.0
3024.0,1.0
3024.5,0.0
3025.0,0.0
3025.5,0.0
3026.0,1.0
3026.5,1.0
3027.0,1.0
3027.5,0.0
3028.0,1.0
3028.5,0.0
3029.0,0.0
3029.5,0.0
3030.0,0.0
3030.5,1.0
3031.0,0.0
3031.5,0.0
3032.0,1.0
3032.5,1.0
3033.0,1.0
3033.5,0.0
3034.0,0.0
3034.5,0.0
3035.0,0.0
3035.5,1.0
3036.0,1.0
3036.5,1.0
3037.0,1.0
3037.5,1.0
3038.0,1.0
3038.5,1.0
3039.0,0.0
3039.5,0.0
3040.0,0.0
3040.5,0.0
3041.0,0.0
3041.5,0.0
3042.0,0.0
3042.5,1.0
3043.0,0.0
3043.5,1.0
3044.0,0.0
3044.5,0.0
3045.0,1.0
3045.5,0.0
3046.0,1.0
3046.5,1.0
3047.0,1.0
3047.5,0.0
3048.0,1.0
3048.5,1.0
3049.0,1.0
3049.5,1.0
3050.0,0.0
3050.5,0.0
3051.0,1.0
3051.5,0.0
3052.0,0.0
3052.5,1.0
3053.0,1.0
3053.5,1.0
3054.0,0.0
3054.5,1.0
3055.0,0.0
3055.5,0.0
3056.0,0.0
3056.5,0.0
3057.0,0.0
3057.5,0.0
3058.0,1.0
3058.5,1.0
3059.0,0.0
3059.5,1.0
3060.0,0.0
3060.5,0.0
3061.0,1.0
3061.5,1.0
3062.0,1.0
3062.5,1.0
3063.0,0.0
3063.5,1.0
3064.0,0.0
3064.5,0.0
3065.0,0.0
3065.5,0.0
3066.0,0.0
3066.5,0.0
3067.0,1.0
3067.5,1.0
3068.0,1.0
3068.5,0.0
3069.0,0.0
3069.5,1.0
3070.0,0.0
3070.5,0.0
3071.0,0.0
3071.5,1.0
3072.0,1.0
3072.5,1.0
3073.0,1.0
3073.5,1.0
3074.0,1.0
3074.5,1.0
3075.0,1.0
3075.5,1.0
3076.0,1.0
3076.5,1.0
3077.0,1.0
3077.5,1.0
3078.0,1.0
3078.5,1.0
3079.0,1.0
3079.5,1.0
3080.0,1.0
3080.5,1.0
3081.0,1.0
3081.5,1.0
3082.0,1.0
3082.5,1.0
3083.0,1.0
3083.5,1.0
3084.0,1.0
3084.5,1.0
3085.0,1.0
3085.5,1.0
3086.0,0.0
3086.5,1.0
3087.0,1.0
3087.5,1.0
3088.0,1.0
3088.5,1.0
3089.0,1.0
3089.5,1.0
3090.0,1.0
3090.5,1.0
3091.0,1.0
3091.5,1.0
3092.0,1.0
3092.5,1.0
3093.0,1.0
3093.5,1.0
3094.0,1.0
3094.5,1.0
3095.0,1.0
3095.5,1.0
3096.0,1.0
3096.5,1.0
3097.0,1.0
3097.5,1.0
3098.0,1.0
3098.5,1.0
3099.0,1.0
3099.5,1.0
3100.0,1.0
3100.5,1.0
3101.0,1.0
3101.5,1.0
3102.0,1.0
3102.5,1.0
3103.0,1.0
3103.5,1.0
3104.0,1.0
3104.5,1.0
3105.0,1.0
3105.5,1.0
3106.0,1.0
3106.5,1.0
3107.0,1.0
3107.5,1.0
3108.0,1.0
3108.5,1.0
3109.0,1.0
3109.5,1.0
3110.0,1.0
3110.5,1.0
3111.0,1.0
3111.5,1.0
3112.0,1.0
3112.5,1.0
3113.0,1.0
3113.5,1.0
3114.0,1.0
3114.5,1.0
3115.0,1.0
3115.5,1.0
3116.0,1.0
3116.5,1.0
3117.0,1.0
3117.5,1.0
3118.0,1.0
3118.5,1.0
3119.0,1.0
3119.5,1.0
3120.0,1.0
3120.5,1.0
3121.0,1.0
3121.5,1.0
3122.0,1.0
3122.5,1.0
3123.0,1.0
3123.5,1.0
3124.0,1.0
3124.5,1.0
3125.0,1.0
3125.5,1.0
3126.0,1.0
3126.5,1.0
3127.0,1.0
3127.5,1.0
3128.0,1.0
3128.5,1.0
3129.0,1.0
3129.5,1.0
3130.0,1.0
3130.5,1.0
3131.0,1.0
3131.5,1.0
3132.0,1.0
3132.5,1.0
3133.0,1.0
3133.5,1.0
3134.0,1.0
3134.5,1.0
3135.0,1.0
3135.5,1.0
3136.0,1.0
3136.5,1.0
3137.0,1.0
3137.5,1.0
3138.0,1.0
3138.5,1.0
3139.0,1.0
3139.5,1.0
3140.0,1.0
3140.5,1.0
3141.0,1.0
3141.5,1.0
3142.0,1.0
3142.5,1.0
3143.0,1.0
3143.5,1.0
3144.0,1.0
3144.5,1.0
3145.0,1.0
3145.5,1.0
3146.0,1.0
3146.5,1.0
3147.0,1.0
3147.5,1.0
3148.0,1.0
3148.5,1.0
3149.0,1.0
3149.5,1.0
3150.0,1.0
3150.5,1.0
3151.0,1.0
3151.5,1.0
3152.0,1.0
3152.5,1.0
3153.0,1.0
3153.5,1.0
3154.0,1.0
3154.5,1.0
3155.0,1.0
3155.5,1.0
3156.0,1.0
3156.5,1.0
3157.0,1.0
3157.5,1.0
3158.0,1.0
3158.5,1.0
3159.0,1.0
3159.5,1.0
3160.0,1.0
3160.5,1.0
3161.0,1.0
3161.5,1.0
3162.0,1.0
3162.5,1.0
3163.0,1.0
3163.5,1.0
3164.0,1.0
3164.5,1.0
3165.0,1.0
3165.5,1.0
3166.0,1.0
3166.5,1.0
3167.0,1.0
3167.5,1.0
3168.0,1.0
3168.5,1.0
3169.0,1.0
3169.5,1.0
3170.0,1.0
3170.5,1.0
3171.0,1.0
3171.5,1.0
3172.0,1.0
3172.5,1.0
3173.0,1.0
3173.5,1.0
3174.0,1.0
3174.5,1.0
3175.0,1.0
3175.5,1.0
3176.0,1.0
3176.5,1.0
3177.0,1.0
3177.5,1.0
3178.0,1.0
3178.5,1.0
3179.0,1.0
3179.5,1.0
3180.0,1.0
3180.5,1.0
3181.0,1.0
3181.5,1.0
3182.0,1.0
3182.5,1.0
3183.0,1.0
3183.5,1.0
3184.0,1.0
3184.5,1.0
3185.0,1.0
3185.5,1.0
3186.0,1.0
3186.5,1.0
3187.0,1.0
3187.5,1.0
3188.0,1.0
3188.5,1.0
3189.0,1.0
3189.5,1.0
3190.0,1.0
3190.5,1.0
3191.0,1.0
3191.5,1.0
3192.0,1.0
3192.5,1.0
3193.0,1.0
3193.5,1.0
3194.0,1.0
3194.5,1.0
3195.0,1.0
3195.5,1.0
3196.0,1.0
3196.5,1.0
3197.0,1.0
3197.5,1.0
3198.0,1.0
3198.5,1.0
3199.0,1.0
3199.5,1.0
3200.0,1.0
3200.5,1.0
3201.0,1.0
3201.5,1.0
3202.0,1.0
3202.5,1.0
3203.0,1.0
3203.5,1.0
3204.0,1.0
3204.5,1.0
3205.0,1.0
3205.5,1.0
3206.0,1.0
3206.5,1.0
3207.0,1.0
3207.5,1.0
3208.0,1.0
3208.5,1.0
3209.0,1.0
3209.5,1.0
3210.0,1.0
3210.5,1.0
3211.0,1.0
3211.5,1.0
3212.0,1.0
3212.5,1.0
3213.0,1.0
3213.5,1.0
3214.0,1.0
3214.5,1.0
3215.0,1.0
3215.5,1.0
3216.0,1.0
3216.5,1.0
3217.0,1.0
3217.5,1.0
3218.0,1.0
3218.5,1.0
3219.0,1.0
3219.5,1.0
3220.0,1.0
3220.5,1.0
3221.0,1.0
3221.5,1.0
3222.0,1.0
3222.5,1.0
3223.0,1.0
3223.5,1.0
3224.0,1.0
3224.5,1.0
3225.0,1.0
3225.5,1.0
3226.0,1.0
3226.5,1.0
3227.0,1.0
3227.5,1.0
3228.0,1.0
3228.5,1.0
3229.0,1.0
3229.5,1.0
3230.0,1.0
3230.5,1.0
3231.0,1.0
3231.5,1.0
3232.0,1.0
3232.5,1.0
3233.0,1.0
3233.5,1.0
3234.0,1.0
3234.5,1.0
3235.0,1.0
3235.5,1.0
3236.0,1.0
3236.5,1.0
3237.0,1.0
3237.5,1.0
3238.0,1.0
3238.5,1.0
3239.0,1.0
3239.5,1.0
3240.0,1.0
3240.5,1.0
3241.0,1.0
3241.5,1.0
3242.0,1.0
3242.5,1.0
3243.0,1.0
3243.5,1.0
3244.0,1.0
3244.5,1.0
3245.0,1.0
3245.5,1.0
3246.0,1.0
3246.5,1.0
3247.0,1.0
3247.5,1.0
3248.0,1.0
3248.5,1.0
3249.0,1.0
3249.5,1.0
3250.0,1.0
3250.5,1.0
3251.0,1.0
3251.5,1.0
3252.0,1.0
3252.5,1.0
3253.0,1.0
3253.5,1.0
3254.0,1.0
3254.5,1.0
3255.0,1.0
3255.5,1.0
3256.0,1.0
3256.5,1.0
3257.0,1.0
3257.5,1.0
3258.0,1.0
3258.5,1.0
3259.0,1.0
3259.5,1.0
3260.0,1.0
3260.5,1.0
3261.0,1.0
3261.5,1.0
3262.0,1.0
3262.5,1.0
3263.0,1.0
3263.5,1.0
3264.0,1.0
3264.5,1.0
3265.0,1.0
3265.5,1.0
3266.0,1.0
3266.5,1.0
3267.0,1.0
3267.5,1.0
3268.0,1.0
3268.5,1.0
3269.0,1.0
3269.5,1.0
3270.0,1.0
3270.5,1.0
3271.0,1.0
3271.5,1.0
3272.0,1.0
3272.5,1.0
3273.0,1.0
3273.5,1.0
3274.0,0.0
3274.5,0.0
3275.0,1.0
3275.5,1.0
3276.0,1.0
3276.5,1.0
3277.0,1.0
3277.5,1.0
3278.0,1.0
3278.5,1.0
3279.0,1.0
3279.5,1.0
3280.0,1.0
3280.5,1.0
3281.0,1.0
3281.5,1.0
3282.0,1.0
3282.5,1.0
3283.0,1.0
3283.5,1.0
3284.0,1.0
3284.5,1.0
3285.0,1.0
3285.5,1.0
3286.0,1.0
3286.5,1.0
3287.0,1.0
3287.5,1.0
3288.0,1.0
3288.5,1.0
3289.0,1.0
3289.5,1.0
3290.0,1.0
3290.5,1.0
3291.0,1.0
3291.5,1.0
3292.0,1.0
3292.5,1.0
3293.0,1.0
3293.5,1.0
3294.0,1.0
3294.5,1.0
3295.0,1.0
3295.5,1.0
3296.0,1.0
3296.5,1.0
3297.0,1.0
3297.5,1.0
3298.0,1.0
3298.5,1.0
3299.0,1.0
3299.5,1.0
3300.0,1.0
3300.5,1.0
3301.0,1.0
3301.5,1.0
3302.0,1.0
3302.5,1.0
3303.0,1.0
3303.5,1.0
3304.0,1.0
3304.5,1.0
3305.0,1.0
3305.5,1.0
3306.0,1.0
3306.5,1.0
3307.0,1.0
3307.5,1.0
3308.0,1.0
3308.5,1.0
3309.0,1.0
3309.5,1.0
3310.0,1.0
3310.5,1.0
3311.0,1.0
3311.5,1.0
3312.0,1.0
3312.5,1.0
3313.0,1.0
3313.5,1.0
3314.0,1.0
3314.5,1.0
3315.0,1.0
3315.5,1.0
3316.0,1.0
3316.5,1.0
3317.0,1.0
3317.5,1.0
3318.0,1.0
3318.5,1.0
3319.0,1.0
3319.5,1.0
3320.0,1.0
3320.5,1.0
3321.0,1.0
3321.5,1.0
3322.0,1.0
3322.5,1.0
3323.0,1.0
3323.5,1.0
3324.0,1.0
3324.5,1.0
3325.0,1.0
3325.5,1.0
3326.0,1.0
3326.5,1.0
3327.0,1.0
3327.5,1.0
3328.0,1.0
3328.5,1.0
3329.0,1.0
3329.5,1.0
3330.0,1.0
3330.5,1.0
3331.0,1.0
3331.5,1.0
3332.0,1.0
3332.5,1.0
3333.0,1.0
3333.5,1.0
3334.0,1.0
3334.5,1.0
3335.0,1.0
3335.5,1.0
3336.0,1.0
3336.5,1.0
3337.0,1.0
3337.5,1.0
3338.0,1.0
3338.5,1.0
3339.0,1.0
3339.5,1.0
3340.0,1.0
3340.5,1.0
3341.0,1.0
3341.5,1.0
3342.0,1.0
3342.5,1.0
3343.0,1.0
3343.5,1.0
3344.0,1.0
3344.5,1.0
3345.0,1.0
3345.5,1.0
3346.0,0.0
3346.5,1.0
3347.0,1.0
3347.5,1.0
3348.0,1.0
3348.5,0.0
3349.0,1.0
3349.5,1.0
3350.0,1.0
3350.5,1.0
3351.0,0.0
3351.5,0.0
3352.0,0.0
3352.5,0.0
3353.0,0.0
3353.5,0.0
3354.0,0.0
3354.5,0.0
3355.0,0.0
3355.5,1.0
3356.0,0.0
3356.5,0.0
3357.0,0.0
3357.5,0.0
3358.0,0.0
3358.5,0.0
3359.0,0.0
3359.5,1.0
3360.0,0.0
3360.5,0.0
3361.0,0.0
3361.5,1.0
3362.0,1.0
3362.5,0.0
3363.0,1.0
3363.5,1.0
3364.0,0.0
3364.5,1.0
3365.0,1.0
3365.5,1.0
3366.0,0.0
3366.5,0.0
3367.0,0.0
3367.5,1.0
3368.0,1.0
3368.5,1.0
3369.0,1.0
3369.5,0.0
3370.0,0.0
3370.5,0.0
3371.0,0.0
3371.5,0.0
3372.0,0.0
3372.5,0.0
3373.0,1.0
3373.5,0.0
3374.0,0.0
3374.5,0.0
3375.0,1.0
3375.5,0.0
3376.0,1.0
3376.5,0.0
3377.0,0.0
3377.5,1.0
3378.0,0.0
3378.5,0.0
3379.0,0.0
3379.5,0.0
3380.0,1.0
3380.5,1.0
3381.0,0.0
3381.5,1.0
3382.0,0.0
3382.5,1.0
3383.0,0.0
3383.5,0.0
3384.0,1.0
3384.5,0.0
3385.0,0.0
3385.5,1.0
3386.0,1.0
3386.5,0.0
3387.0,0.0
3387.5,1.0
3388.0,0.0
3388.5,1.0
3389.0,0.0
3389.5,0.0
3390.0,0.0
3390.5,0.0
3391.0,1.0
3391.5,0.0
3392.0,1.0
3392.5,0.0
3393.0,0.0
3393.5,0.0
3394.0,1.0
3394.5,0.0
3395.0,1.0
3395.5,1.0
3396.0,0.0
3396.5,1.0
3397.0,1.0
3397.5,0.0
3398.0,1.0
3398.5,0.0
3399.0,0.0
3399.5,1.0
3400.0,1.0
3400.5,1.0
3401.0,0.0
3401.5,1.0
3402.0,0.0
3402.5,0.0
3403.0,0.0
3403.5,0.0
3404.0,0.0
3404.5,0.0
3405.0,0.0
3405.5,0.0
3406.0,0.0
3406.5,1.0
3407.0,1.0
3407.5,1.0
3408.0,1.0
3408.5,1.0
3409.0,0.0
3409.5,1.0
3410.0,1.0
3410.5,0.0
3411.0,1.0
3411.5,0.0
3412.0,0.0
3412.5,1.0
3413.0,1.0
3413.5,0.0
3414.0,0.0
3414.5,0.0
3415.0,0.0
3415.5,1.0
3416.0,0.0
3416.5,0.0
3417.0,0.0
3417.5,0.0
3418.0,0.0
3418.5,1.0
3419.0,0.0
3419.5,0.0
3420.0,0.0
3420.5,0.0
3421.0,0.0
3421.5,0.0
3422.0,1.0
3422.5,1.0
3423.0,1.0
3423.5,0.0
3424.0,0.0
3424.5,0.0
3425.0,0.0
3425.5,1.0
3426.0,0.0
3426.5,0.0
3427.0,0.0
3427.5,0.0
3428.0,0.0
3428.5,0.0
3429.0,1.0
3429.5,0.0
3430.0,1.0
3430.5,0.0
3431.0,1.0
3431.5,0.0
3432.0,0.0
3432.5,0.0
3433.0,1.0
3433.5,1.0
3434.0,0.0
3434.5,0.0
3435.0,0.0
3435.5,1.0
3436.0,0.0
3436.5,1.0
3437.0,0.0
3437.5,1.0
3438.0,0.0
3438.5,0.0
3439.0,1.0
3439.5,0.0
3440.0,0.0
3440.5,0.0
3441.0,0.0
3441.5,0.0
3442.0,0.0
3442.5,0.0
3443.0,0.0
3443.5,0.0
3444.0,1.0
3444.5,1.0
3445.0,1.0
3445.5,1.0
3446.0,1.0
3446.5,0.0
3447.0,1.0
3447.5,0.0
3448.0,0.0
3448.5,1.0
3449.0,0.0
3449.5,0.0
3450.0,0.0
3450.5,0.0
3451.0,1.0
3451.5,1.0
3452.0,0.0
3452.5,1.0
3453.0,1.0
3453.5,0.0
3454.0,1.0
3454.5,0.0
3455.0,0.0
3455.5,0.0
3456.0,0.0
3456.5,0.0
3457.0,1.0
3457.5,0.0
3458.0,0.0
3458.5,0.0
3459.0,1.0
3459.5,1.0
3460.0,0.0
3460.5,1.0
3461.0,0.0
3461.5,1.0
3462.0,1.0
3462.5,0.0
3463.0,0.0
3463.5,1.0
3464.0,0.0
3464.5,0.0
3465.0,0.0
3465.5,0.0
3466.0,0.0
3466.5,0.0
3467.0,1.0
3467.5,1.0
3468.0,0.0
3468.5,1.0
3469.0,0.0
3469.5,0.0
3470.0,1.0
3470.5,1.0
3471.0,0.0
3471.5,0.0
3472.0,0.0
3472.5,1.0
3473.0,0.0
3473.5,1.0
3474.0,0.0
3474.5,0.0
3475.0,1.0
3475.5,1.0
3476.0,1.0
3476.5,0.0
3477.0,0.0
3477.5,1.0
3478.0,1.0
3478.5,0.0
3479.0,0.0
3479.5,1.0
3480.0,0.0
3480.5,0.0
3481.0,0.0
3481.5,1.0
3482.0,0.0
3482.5,1.0
3483.0,1.0
3483.5,1.0
3484.0,0.0
3484.5,0.0
3485.0,1.0
3485.5,1.0
3486.0,0.0
3486.5,1.0
3487.0,1.0
3487.5,0.0
3488.0,0.0
3488.5,0.0
3489.0,0.0
3489.5,0.0
3490.0,0.0
3490.5,0.0
3491.0,0.0
3491.5,0.0
3492.0,0.0
3492.5,0.0
3493.0,0.0
3493.5,0.0
3494.0,0.0
3494.5,0.0
3495.0,0.0
3495.5,0.0
3496.0,1.0
3496.5,0.0
3497.0,0.0
3497.5,0.0
3498.0,1.0
3498.5,1.0
3499.0,0.0
3499.5,1.0
3500.0,0.0
3500.5,0.0
3501.0,0.0
3501.5,0.0
3502.0,0.0
3502.5,1.0
3503.0,0.0
3503.5,0.0
3504.0,0.0
3504.5,1.0
3505.0,1.0
3505.5,0.0
3506.0,1.0
3506.5,0.0
3507.0,1.0
3507.5,1.0
3508.0,1.0
3508.5,0.0
3509.0,1.0
3509.5,1.0
3510.0,0.0
3510.5,0.0
3511.0,0.0
3511.5,1.0
3512.0,0.0
3512.5,0.0
3513.0,0.0
3513.5,0.0
3514.0,0.0
3514.5,0.0
3515.0,0.0
3515.5,0.0
3516.0,1.0
3516.5,1.0
3517.0,1.0
3517.5,1.0
3518.0,1.0
3518.5,1.0
3519.0,1.0
3519.5,1.0
3520.0,1.0
3520.5,1.0
3521.0,1.0
3521.5,1.0
3522.0,1.0
3522.5,1.0
3523.0,1.0
3523.5,1.0
3524.0,1.0
3524.5,1.0
3525.0,1.0
3525.5,1.0
3526.0,1.0
3526.5,1.0
3527.0,1.0
3527.5,1.0
3528.0,1.0
3528.5,1.0
3529.0,1.0
3529.5,1.0
3530.0,1.0
3530.5,1.0
3531.0,1.0
3531.5,1.0
3532.0,1.0
3532.5,1.0
3533.0,1.0
3533.5,1.0
3534.0,1.0
3534.5,1.0
3535.0,1.0
3535.5,1.0
3536.0,1.0
3536.5,1.0
3537.0,1.0
3537.5,1.0
3538.0,1.0
3538.5,1.0
3539.0,1.0
3539.5,1.0
3540.0,1.0
3540.5,1.0
3541.0,1.0
3541.5,1.0
3542.0,1.0
3542.5,1.0
3543.0,1.0
3543.5,1.0
3544.0,1.0
3544.5,1.0
3545.0,1.0
3545.5,1.0
3546.0,1.0
3546.5,1.0
3547.0,1.0
3547.5,1.0
3548.0,1.0
3548.5,1.0
3549.0,1.0
3549.5,1.0
3550.0,1.0
3550.5,1.0
3551.0,1.0
3551.5,1.0
3552.0,1.0
3552.5,1.0
3553.0,1.0
3553.5,1.0
3554.0,1.0
3554.5,1.0
3555.0,1.0
3555.5,1.0
3556.0,1.0
3556.5,1.0
3557.0,1.0
3557.5,1.0
3558.0,1.0
3558.5,1.0
3559.0,1.0
3559.5,1.0
3560.0,1.0
3560.5,1.0
3561.0,1.0
3561.5,1.0
3562.0,1.0
3562.5,1.0
3563.0,1.0
3563.5,1.0
3564.0,1.0
3564.5,1.0
3565.0,1.0
3565.5,1.0
3566.0,1.0
3566.5,1.0
3567.0,1.0
3567.5,1.0
3568.0,1.0
3568.5,1.0
3569.0,1.0
3569.5,1.0
3570.0,1.0
3570.5,1.0
3571.0,1.0
3571.5,1.0
3572.0,1.0
3572.5,1.0
3573.0,1.0
3573.5,1.0
3574.0,1.0
3574.5,1.0
3575.0,1.0
3575.5,1.0
3576.0,1.0
3576.5,1.0
3577.0,1.0
3577.5,1.0
3578.0,1.0
3578.5,1.0
3579.0,1.0
3579.5,1.0
3580.0,1.0
3580.5,1.0
3581.0,1.0
3581.5,1.0
3582.0,1.0
3582.5,1.0
3583.0,1.0
3583.5,1.0
3584.0,1.0
3584.5,1.0
3585.0,1.0
3585.5,1.0
3586.0,1.0
3586.5,1.0
3587.0,1.0
3587.5,1.0
3588.0,1.0
3588.5,1.0
3589.0,1.0
3589.5,1.0
3590.0,1.0
3590.5,1.0
3591.0,1.0
3591.5,1.0
3592.0,1.0
3592.5,1.0
3593.0,1.0
3593.5,1.0
3594.0,1.0
3594.5,1.0
3595.0,1.0
3595.5,1.0
3596.0,1.0
3596.5,1.0
3597.0,1.0
3597.5,1.0
3598.0,1.0
3598.5,1.0
3599.0,1.0
3599.5,0.0
3600.0,1.0
3600.5,0.0
3601.0,1.0
3601.5,1.0
3602.0,0.0
3602.5,1.0
3603.0,1.0
3603.5,0.0
3604.0,0.0
3604.5,0.0
3605.0,1.0
3605.5,0.0
3606.0,1.0
3606.5,1.0
3607.0,0.0
3607.5,1.0
3608.0,1.0
3608.5,1.0
3609.0,1.0
3609.5,1.0
3610.0,1.0
3610.5,1.0
3611.0,1.0
3611.5,0.0
3612.0,1.0
3612.5,1.0
3613.0,1.0
3613.5,1.0
3614.0,1.0
3614.5,1.0
3615.0,1.0
3615.5,1.0
3616.0,1.0
3616.5,1.0
3617.0,1.0
3617.5,1.0
3618.0,1.0
3618.5,1.0
3619.0,1.0
3619.5,1.0
3620.0,1.0
3620.5,1.0
3621.0,1.0
3621.5,1.0
3622.0,1.0
3622.5,1.0
3623.0,1.0
3623.5,1.0
3624.0,1.0
3624.5,1.0
3625.0,1.0
3625.5,1.0
3626.0,1.0
3626.5,1.0
3627.0,1.0
3627.5,1.0
3628.0,1.0
3628.5,1.0
3629.0,1.0
3629.5,1.0
3630.0,1.0
3630.5,1.0
3631.0,1.0
3631.5,1.0
3632.0,1.0
3632.5,1.0
3633.0,1.0
3633.5,1.0
3634.0,1.0
3634.5,1.0
3635.0,1.0
3635.5,1.0
3636.0,1.0
3636.5,1.0
3637.0,1.0
3637.5,1.0
3638.0,1.0
3638.5,1.0
3639.0,1.0
3639.5,1.0
3640.0,1.0
3640.5,1.0
3641.0,1.0
3641.5,1.0
3642.0,1.0
3642.5,1.0
3643.0,1.0
3643.5,1.0
3644.0,1.0
3644.5,0.0
3645.0,1.0
3645.5,1.0
3646.0,1.0
3646.5,1.0
3647.0,1.0
3647.5,1.0
3648.0,1.0
3648.5,1.0
3649.0,1.0
3649.5,1.0
3650.0,1.0
3650.5,1.0
3651.0,1.0
3651.5,1.0
3652.0,1.0
3652.5,1.0
3653.0,1.0
3653.5,1.0
3654.0,1.0
3654.5,1.0
3655.0,1.0
3655.5,1.0
3656.0,1.0
3656.5,1.0
3657.0,1.0
3657.5,1.0
3658.0,1.0
3658.5,1.0
3659.0,1.0
3659.5,1.0
3660.0,1.0
3660.5,1.0
3661.0,1.0
3661.5,1.0
3662.0,1.0
3662.5,1.0
3663.0,1.0
3663.5,1.0
3664.0,1.0
3664.5,1.0
3665.0,1.0
3665.5,1.0
3666.0,1.0
3666.5,1.0
3667.0,1.0
3667.5,1.0
3668.0,1.0
3668.5,1.0
3669.0,1.0
3669.5,1.0
3670.0,1.0
3670.5,1.0
3671.0,1.0
3671.5,1.0
3672.0,1.0
3672.5,1.0
3673.0,1.0
3673.5,1.0
3674.0,1.0
3674.5,1.0
3675.0,1.0
3675.5,1.0
3676.0,1.0
3676.5,1.0
3677.0,1.0
3677.5,1.0
3678.0,1.0
3678.5,1.0
3679.0,1.0
3679.5,1.0
3680.0,1.0
3680.5,1.0
3681.0,1.0
3681.5,1.0
3682.0,1.0
3682.5,1.0
3683.0,1.0
3683.5,1.0
3684.0,1.0
3684.5,1.0
3685.0,1.0
3685.5,1.0
3686.0,1.0
3686.5,1.0
3687.0,1.0
3687.5,1.0
3688.0,1.0
3688.5,1.0
3689.0,1.0
3689.5,1.0
3690.0,1.0
3690.5,1.0
3691.0,1.0
3691.5,1.0
3692.0,1.0
3692.5,1.0
3693.0,1.0
3693.5,1.0
3694.0,1.0
3694.5,1.0
3695.0,1.0
3695.5,1.0
3696.0,1.0
3696.5,1.0
3697.0,1.0
3697.5,1.0
3698.0,1.0
3698.5,1.0
3699.0,1.0
3699.5,1.0
3700.0,1.0
3700.5,1.0
3701.0,1.0
3701.5,1.0
3702.0,1.0
3702.5,1.0
3703.0,1.0
3703.5,1.0
3704.0,1.0
3704.5,1.0
3705.0,1.0
3705.5,1.0
3706.0,1.0
3706.5,1.0
3707.0,1.0
3707.5,1.0
3708.0,1.0
3708.5,1.0
3709.0,1.0
3709.5,1.0
3710.0,1.0
3710.5,1.0
3711.0,1.0
3711.5,1.0
3712.0,1.0
3712.5,1.0
3713.0,1.0
3713.5,1.0
3714.0,1.0
3714.5,0.0
3715.0,0.0
3715.5,0.0
3716.0,0.0
3716.5,0.0
3717.0,1.0
3717.5,1.0
3718.0,1.0
3718.5,1.0
3719.0,1.0
3719.5,1.0
3720.0,1.0
3720.5,1.0
3721.0,1.0
3721.5,1.0
3722.0,1.0
3722.5,1.0
3723.0,1.0
3723.5,1.0
3724.0,1.0
3724.5,1.0
3725.0,1.0
3725.5,1.0
3726.0,1.0
3726.5,1.0
3727.0,1.0
3727.5,1.0
3728.0,1.0
3728.5,1.0
3729.0,1.0
3729.5,1.0
3730.0,1.0
3730.5,1.0
3731.0,1.0
3731.5,1.0
3732.0,1.0
3732.5,1.0
3733.0,1.0
3733.5,1.0
3734.0,1.0
3734.5,1.0
3735.0,1.0
3735.5,1.0
3736.0,1.0
3736.5,1.0
3737.0,1.0
3737.5,1.0
3738.0,1.0
3738.5,1.0
3739.0,1.0
3739.5,1.0
3740.0,1.0
3740.5,1.0
3741.0,1.0
3741.5,1.0
3742.0,1.0
3742.5,1.0
3743.0,1.0
3743.5,1.0
3744.0,1.0
3744.5,1.0
3745.0,1.0
3745.5,1.0
3746.0,1.0
3746.5,1.0
3747.0,1.0
3747.5,1.0
3748.0,1.0
3748.5,1.0
3749.0,1.0
3749.5,1.0
3750.0,1.0
3750.5,1.0
3751.0,1.0
3751.5,1.0
3752.0,1.0
3752.5,1.0
3753.0,1.0
3753.5,1.0
3754.0,1.0
3754.5,1.0
3755.0,1.0
3755.5,1.0
3756.0,1.0
3756.5,1.0
3757.0,1.0
3757.5,1.0
3758.0,1.0
3758.5,1.0
3759.0,1.0
3759.5,1.0
3760.0,1.0
3760.5,1.0
3761.0,1.0
3761.5,1.0
3762.0,1.0
3762.5,1.0
3763.0,1.0
3763.5,1.0
3764.0,1.0
3764.5,1.0
3765.0,1.0
3765.5,1.0
3766.0,1.0
3766.5,1.0
3767.0,1.0
3767.5,1.0
3768.0,1.0
3768.5,1.0
3769.0,1.0
3769.5,1.0
3770.0,1.0
3770.5,1.0
3771.0,1.0
3771.5,1.0
3772.0,1.0
3772.5,1.0
3773.0,1.0
3773.5,1.0
3774.0,1.0
3774.5,1.0
3775.0,1.0
3775.5,1.0
3776.0,1.0
3776.5,1.0
3777.0,1.0
3777.5,1.0
3778.0,1.0
3778.5,1.0
3779.0,1.0
3779.5,1.0
3780.0,1.0
3780.5,1.0
3781.0,1.0
3781.5,1.0
3782.0,1.0
3782.5,1.0
3783.0,1.0
3783.5,1.0
3784.0,1.0
3784.5,1.0
3785.0,1.0
3785.5,1.0
3786.0,1.0
3786.5,1.0
3787.0,1.0
3787.5,1.0
3788.0,1.0
3788.5,1.0
3789.0,1.0
3789.5,1.0
3790.0,1.0
3790.5,1.0
3791.0,1.0
3791.5,1.0
3792.0,1.0
3792.5,1.0
3793.0,1.0
3793.5,1.0
3794.0,1.0
3794.5,1.0
3795.0,1.0
3795.5,1.0
3796.0,1.0
3796.5,1.0
3797.0,1.0
3797.5,1.0
3798.0,1.0
3798.5,1.0
3799.0,1.0
3799.5,1.0
3800.0,1.0
3800.5,1.0
3801.0,1.0
3801.5,1.0
3802.0,1.0
3802.5,1.0
3803.0,1.0
3803.5,1.0
3804.0,1.0
3804.5,1.0
3805.0,1.0
3805.5,1.0
3806.0,1.0
3806.5,1.0
3807.0,1.0
3807.5,1.0
3808.0,1.0
3808.5,1.0
3809.0,1.0
3809.5,1.0
3810.0,1.0
3810.5,1.0
3811.0,1.0
3811.5,1.0
3812.0,1.0
3812.5,1.0
3813.0,1.0
3813.5,1.0
3814.0,1.0
3814.5,1.0
3815.0,1.0
3815.5,1.0
3816.0,1.0
3816.5,1.0
3817.0,1.0
3817.5,1.0
3818.0,1.0
3818.5,1.0
3819.0,1.0
3819.5,1.0
3820.0,1.0
3820.5,1.0
3821.0,1.0
3821.5,1.0
3822.0,1.0
3822.5,1.0
3823.0,1.0
3823.5,1.0
3824.0,1.0
3824.5,1.0
3825.0,1.0
3825.5,1.0
3826.0,1.0
3826.5,1.0
3827.0,1.0
3827.5,1.0
3828.0,1.0
3828.5,1.0
3829.0,1.0
3829.5,1.0
3830.0,1.0
3830.5,1.0
3831.0,1.0
3831.5,1.0
3832.0,1.0
3832.5,1.0
3833.0,1.0
3833.5,1.0
3834.0,1.0
3834.5,1.0
3835.0,1.0
3835.5,1.0
3836.0,1.0
3836.5,1.0
3837.0,1.0
3837.5,1.0
3838.0,1.0
3838.5,1.0
3839.0,1.0
3839.5,1.0
3840.0,1.0
3840.5,1.0
3841.0,1.0
3841.5,1.0
3842.0,1.0
3842.5,1.0
3843.0,1.0
3843.5,1.0
3844.0,1.0
3844.5,1.0
3845.0,1.0
3845.5,1.0
3846.0,1.0
3846.5,1.0
3847.0,1.0
3847.5,1.0
3848.0,1.0
3848.5,1.0
3849.0,1.0
3849.5,1.0
3850.0,1.0
3850.5,1.0
3851.0,1.0
3851.5,1.0
3852.0,1.0
3852.5,1.0
3853.0,1.0
3853.5,1.0
3854.0,1.0
3854.5,1.0
3855.0,1.0
3855.5,1.0
3856.0,1.0
3856.5,1.0
3857.0,1.0
3857.5,1.0
3858.0,1.0
3858.5,1.0
3859.0,1.0
3859.5,1.0
3860.0,1.0
3860.5,1.0
3861.0,1.0
3861.5,1.0
3862.0,1.0
3862.5,1.0
3863.0,1.0
3863.5,1.0
3864.0,1.0
3864.5,1.0
3865.0,1.0
3865.5,1.0
3866.0,1.0
3866.5,1.0
3867.0,1.0
3867.5,1.0
3868.0,1.0
3868.5,1.0
3869.0,1.0
3869.5,1.0
3870.0,1.0
3870.5,1.0
3871.0,1.0
3871.5,1.0
3872.0,1.0
3872.5,1.0
3873.0,1.0
3873.5,1.0
3874.0,1.0
3874.5,1.0
3875.0,1.0
3875.5,1.0
3876.0,1.0
3876.5,1.0
3877.0,1.0
3877.5,1.0
3878.0,1.0
3878.5,1.0
3879.0,1.0
3879.5,1.0
3880.0,1.0
3880.5,1.0
3881.0,1.0
3881.5,1.0
3882.0,1.0
3882.5,1.0
3883.0,1.0
3883.5,1.0
3884.0,1.0
3884.5,1.0
3885.0,1.0
3885.5,1.0
3886.0,1.0
3886.5,0.0
